id,screen_name,name,location,description,created_at,friends_count,followers_count,statuses_count,favourites_count
3331153685,edibberk,Edib Berk,,HDP Diyarbakır Milletvekili Resmi Hesabı,Wed Jun 17 09:38:08 +0000 2015,120,971,35,0
3297817811,selmairmakhdp,Selma Irmak,,"DTK Eş Başkanı, HDP Hakkari Milletvekili/ Hevseroka KCD'ê, Parlamentera Colemêrgê ya HDP'ê, Resmi Twitter Hesabı",Mon May 25 13:54:45 +0000 2015,206,3617,128,4
3296334795,Mustafa_CHP,Mustafa Tuncer ,,,Sun May 24 10:33:04 +0000 2015,47,183,18,47
3233256544,ali_ihsanarslan,Ali İhsan Arslan,,Ak Parti Ankara 1.Bölge Milletvekili Ali İhsan Arslan Destek Hesabı,Mon May 04 11:52:36 +0000 2015,107,12020,238,185
3233051621,MehmetAlgan_,Mehmet Alğan,"Hatay, Türkiye",Hatay Milletvekili Adayı,Mon May 04 10:03:51 +0000 2015,3,126,215,2
3230945127,MVAdnanYILMAZ,Adnan YILMAZ,"Erzurum, Türkiye","AK Parti Erzurum Milletvekili
adnan.yilmaz@tbmm.gov.tr",Sun May 03 16:29:49 +0000 2015,570,501,767,99
3228821009,ahmet_iyimaya,AHMET İYİMAYA,,TBMM Adalet Komisyonu Başkanı / AK Parti Ankara Milletvekili,Sat May 02 19:01:37 +0000 2015,213,1155,410,0
3213772374,muhsinkkaya,Muhsin Kızılkaya,,Ak Parti Mersin Mebusu,Sun May 17 17:05:47 +0000 2015,346,5035,451,2
3204391828,havva_calis38,Havva TALAY ÇALIŞ,"Kayseri, Türkiye",25. Dönem Kayseri Milletvekili,Sat Apr 25 07:22:57 +0000 2015,158,461,171,4
3200008019,edibe_sahin,edibe şahin,,Dersim'in İlk Kadın Milletvekili,Fri Apr 24 06:38:22 +0000 2015,120,1128,225,5
3199201383,mvrecaiberber,Recai Berber,"Ankara, Türkiye",TBMM Plan ve Bütçe Komisyonu Başkanı  AK Parti Manisa Milletvekili  [Resmi Twitter Hesabı],Thu Apr 23 21:44:18 +0000 2015,18,744,203,0
3197228133,durmusyalcin78,Durmuş Yalçın,,,Thu Apr 23 08:44:20 +0000 2015,0,17,0,0
3197118467,OcalanDilek,Dilek ÖCALAN,,25. Dönem HDP Riha-Urfa Milletvekili,Thu Apr 23 07:35:46 +0000 2015,217,2458,46,4
3193995052,hotar_nukhet,Prof.Dr.Nükhet Hotar,"İzmir, Türkiye",Ak Parti Genel Başkan Yardımcısı - Sosyal İşler Başkanı - İzmir Milletvekili - http://t.co/l8LzAOgAPj - Facebook: nukhethotar35 -Instagram: hotarnukhet,Wed Apr 22 07:56:13 +0000 2015,50,33378,826,102
3192564381,Dr_Demircan,Dr Ahmet Demircan,,,Tue Apr 21 22:01:44 +0000 2015,1,52,11,0
3190589409,HDPcelaldogan,Celal Doğan,Gaziantep,"HDP Gaziantep Milletvekili.
3 dönem Gaziantep Belediye Başkanlığı, 13 Yıl Gaziantepspor Kulüp Başkanılığı 2 dönem Milletvekilliği, Avukat, Spor adamı",Tue Apr 21 12:30:18 +0000 2015,19,12996,661,2
3189777586,botan_lezgin,Lezgin Botan,,HDP Wan Milletvekili,Tue Apr 21 07:21:34 +0000 2015,86,1264,415,12
3187255654,mizginbedlis,Mizgin Irgat,,,Mon Apr 20 13:52:43 +0000 2015,90,1145,273,0
3182850214,nurttinyasar,Nurettin Yaşar,"Malatya, Türkiye",AK Parti Malatya Milletvekili,Sun Apr 19 11:35:01 +0000 2015,88,6004,343,15
3180045406,DoganSelina,Selina Doğan,"İstanbul, Türkiye",CHP İstanbul Milletvekili Adayı,Sat Apr 18 17:01:25 +0000 2015,0,504,1,1
3179845288,bybektasoglu,Bülent Bektaşoğlu,"Giresun, Türkiye",CHP Giresun Milletvekili Adayı,Sat Apr 18 15:30:55 +0000 2015,2,176,270,1
3179706743,senalsarihanchp,Şenal Sarıhan,,CHP Ankara Milletvekili Av. Şenal Sarıhan Resmi Hesabı,Sat Apr 18 14:50:11 +0000 2015,1184,1553,216,165
3176640699,tahaozhansecim,Taha Özhan,Ankara | Malatya,AK Parti Malatya Milletvekili Adayı | Taha Özhan destek hesabıdır.,Fri Apr 17 13:29:05 +0000 2015,14,2026,164,0
3173512948,muratemirchp,Murat Emir,Ankara,"25. dönem Cumhuriyet Halk Partisi Ankara Milletvekili

Doktor/Hukukçu

http://t.co/oCniwjITT6",Thu Apr 16 17:30:02 +0000 2015,156,536,409,36
3172582042,AbdurrahmanOz09,Abdurrahman Öz,,AK Parti Aydın Milletvekili Adayı,Thu Apr 16 11:55:50 +0000 2015,33,79,15,1
3171307667,HdpGaydali,M. Celadet Gaydalı,Bitlis,"İnşaat Yüksek Mühendisi - HDP 25.Dönem Bitlis Milletvekili Resmi Twitter Hesabı 
http://t.co/H63KYxZDAS",Wed Apr 15 20:58:58 +0000 2015,167,820,257,98
3170535531,sdbilgic32,Süreyya Sadi Bilgiç,,Ak Parti Isparta Milletvekili,Wed Apr 15 16:50:43 +0000 2015,53,214,16,5
3169650988,alican_onlu,Alican Önlü,,,Wed Apr 15 10:19:54 +0000 2015,36,1507,316,3
3166762328,haticeseviptekn,Hatice Seviptekin,,Siirt HDP Milletvekili,Tue Apr 21 13:23:32 +0000 2015,418,1549,842,11
3164286767,etolgaorhan,Ertugrul Tolga Orhan,,,Mon Apr 13 14:16:24 +0000 2015,41,435,3,0
3162762015,NevzatCeylan06,Nevzat Ceylan,Ankara,Ak parti Ankara Milletvekili,Mon Apr 13 07:52:54 +0000 2015,24,540,764,1
3161272803,profcoskuncakir,Coşkun Çakır,"Tokat, Türkiye","AK Parti Tokat Milletvekili                        
http://t.co/CrdAlLdcWB",Sun Apr 12 21:38:41 +0000 2015,17,2191,315,1
3160777371,BeratAlbayrak_,Berat Albayrak,,AK Parti İstanbul 1. Bölge Milletvekili,Sun Apr 12 18:42:44 +0000 2015,2,9196,195,0
3159930915,VedatBayram51,Vedat Bayram,Niğde,MHP Niğde Millet Vekili Adayı,Sun Apr 12 14:24:37 +0000 2015,19,338,450,0
3157242503,aslansavasan,Aslan Savaşan,,MHP İzmir Milletvekili,Sat Apr 11 17:20:45 +0000 2015,111,504,489,14
3156559966,oguz_tor,Fahrettin Oğuz TOR,,,Sat Apr 11 14:15:48 +0000 2015,2,190,0,0
3155769377,Zinonutumer,Zülfikar İnönü Tümer,,25.Dönem CHP Adana Milletvekili,Sat Apr 11 10:18:52 +0000 2015,156,628,1081,56
3154048425,AvSenaNurCelik,Sena Nur Çelik,"Antalya, Türkiye",AK Parti Antalya Milletvekili,Fri Apr 10 17:18:15 +0000 2015,372,5898,664,245
3153334811,hisyarozsoy,Hişyar Özsoy,,,Fri Apr 10 04:19:34 +0000 2015,10,2926,75,6
3151030181,hamdi_irmak,Hamdi Irmak,Kırklareli,AK PARTİ Kırklareli Milletvekili Resmi Sayfasıdır,Thu Apr 09 09:43:46 +0000 2015,363,9229,296,67
3150823720,dtaysedogan,Ayşe DOĞAN,Çerkezköy / Tekirdağ,Ak Parti Tekirdağ Milletvekili,Thu Apr 09 07:48:02 +0000 2015,741,548,11193,1634
3150686573,hasanozyercom,Hasan Özyer,,,Thu Apr 09 07:19:23 +0000 2015,24,282,77,16
3150658323,AhmetDoganMv,Ahmet Doğan,,,Thu Apr 09 07:24:29 +0000 2015,21,1016,372,151
3149485661,MvLeylaGuven,Leyla Güven,,HDP RIHA-URFA MİLLETVEKİLİ,Wed Apr 08 21:51:50 +0000 2015,227,2515,95,138
3149419720,fikri_demirel,Fikri Demirel,"Yalova, Türkiye",Yalova Ak Parti Milletvekili Fikri Demirel 'in Resmi Twitter Hesabıdır,Wed Apr 08 21:08:10 +0000 2015,64,209,306,3
3149229957,nihatakdagon,Nihat Akdoğan,,HDP HAKKARI MILLET VEKILI ADAYI,Wed Apr 08 20:38:20 +0000 2015,74,116,10,0
3147959013,erdalatasdhf,Erdal Ataş,,HDP İstanbul 1. Bölge 3. Sıra Milletvekili Adayı,Wed Apr 08 13:59:18 +0000 2015,975,1212,152,0
3144694029,ademgeveri,Adem Geverî,Wan - Amed / Kurdistan,Sekreterê Giştî yê Hereketa AZADÎ û Parlementerê HDPê yê Wanê Adem Geverî (Özcaner),Tue Apr 07 17:19:36 +0000 2015,201,2748,274,0
3144520484,CHPOzel,CHP Kulis,,,Wed Apr 08 08:26:17 +0000 2015,0,550,0,0
3143921993,Leylabrlk,Leyla Birlik,HDP-ŞIRNAK,HDP Şırnak Milletvekili Adayı,Tue Apr 07 13:59:29 +0000 2015,62,355,22,5
3138272897,Semsettinemir,Şemsettin Emir,EDİRNE,AK PARTİ Edirne Milletvekili,Sun Apr 05 19:41:40 +0000 2015,23,10830,430,37
3137589431,museminsimsek,Mehmet Emin ŞİMŞEK,,,Sun Apr 05 16:34:44 +0000 2015,3,213,1,0
3132798926,irfanbakirchp,CHP İRFAN BAKIR,ISPARTA,CHP- 25.DÖNEM ISPARTA 1.SIRA MİLLETVEKİLİ ADAYI,Thu Apr 02 19:26:18 +0000 2015,171,232,128,6
3128451070,dengirmirfirat,Dengir Mir Fırat,Türkiye,HDP Milletvekili Adayı,Mon Mar 30 07:30:34 +0000 2015,54,398,40,0
3123905265,HasanAliKilci,Hasan Ali Kilci,www.facebook.com/HasanAliKilci,Kayseri Milliyetçi Hareket Partisi Milletvekili,Sat Mar 28 14:33:46 +0000 2015,8,208,90,17
3111180809,ifarukaksu,İsmail Faruk Aksu,,,Tue Mar 24 18:43:30 +0000 2015,5,215,137,1
3110776426,muratkocmhp,Murat Koç,İzmir,Milliyetçi Hareket Partisi İzmir 2. Bölge 2. Sıra Milletvekili Adayı,Tue Mar 24 16:14:18 +0000 2015,67,378,95,9
3110331485,AliAtalan68,Ali Atalan,,HDP Batman Milletvekili - Parlamenterê HDP'ê yê Êlihê,Tue Mar 24 13:34:47 +0000 2015,291,3521,216,90
3105614560,SaruhanOluc,Saruhan Oluç,,HDP Antalya Milletvekili,Sun Mar 22 19:28:09 +0000 2015,124,16929,383,6
3101756981,sezerkatirciogl,R.Sezer KATIRCIOĞLU,Kocaeli,"Ak Parti 25. Dönem Kocaeli Milletvekili - Politikacı , Siyaset Bilimi ve Kamu Yönetimi Uzmanı",Sat Mar 21 12:42:10 +0000 2015,187,522,421,18
3097340896,ikursattuna,İbrahim Kürşat Tuna,,25. Dönem MHP Çanakkale Milletvekili,Thu Mar 19 17:55:52 +0000 2015,79,775,156,35
3096531135,AliHaydarKonca,Ali Haydar Konca,"Kocaeli, Ankara",Avukat - HDP  Kocaeli Milletvekili,Thu Mar 19 11:36:07 +0000 2015,172,1397,211,18
3071570176,arzuerdem2015,arzu erdem,"İstanbul, Türkiye","MHP İstanbul Milletvekili , Dilbilimci, Kimsed Kurucu Başkanı , Avrupa Gelişim Akademisi Kurucusu 
Resmi web sayfası :http://t.co/NiGauQXKVU",Thu Mar 05 03:58:29 +0000 2015,405,3174,3387,3491
3071173073,ahmetyildirihdp,Doç.DrAhmet Yıldırım,"Muş, Diyarbakır","HDP Muş Milletvekili,                                     Doç. Dr. Dicle Üniv. Öğr. Üyesi,",Wed Mar 04 23:40:02 +0000 2015,57,2513,98,16
3067516330,ibrahimmturhan,İbrahim Turhan,İZMİR,İZMİR AK Parti Milletvekili Doç. Dr. İbrahim Turhan,Tue Mar 03 09:06:00 +0000 2015,105,12901,841,129
3065996027,NureddinNebati,Nureddin NEBATİ,Ankara,Ak Parti Genel Başkan Yardımcısı - Şanlıurfa Milletvekili,Mon Mar 02 14:10:00 +0000 2015,3,10954,158,1
3064036168,ozegen51,Erdoğan ÖZEGEN,,,Thu Feb 26 17:37:42 +0000 2015,67,9172,54,36
3063558783,SeyitAhmetGocer,Seyit Ahmet Göçer,KIRIKKALE,"Kırıkkale Milletvekili, Milliyetçi Hareket Partisi MYK Üyesi
Resmî Twitter Hesabı",Wed Feb 25 22:43:34 +0000 2015,37,607,793,166
3062441200,DurmusYilmazMHP,Durmuş Yılmaz,Türkiye,MHP Uşak Milletvekili - Merkez Bankası eski Başkanı - İktisatçı,Wed Feb 25 15:59:19 +0000 2015,1101,4470,78,86
3055572752,bakisimsekmhp,Baki Şimşek,Mersin,Milliyetçi Hareket Partisi Mersin Milletvekili Harita Mühendisi #BizimleYürüMersin #BizimleYürüTürkiye #MHP,Mon Mar 02 08:47:42 +0000 2015,265,872,605,70
3053238743,enverfehmioglu,Enver FEHMİOĞLU,Bingöl,25. Dönem AK Parti Bingöl Milletvekili,Sun Feb 22 17:21:49 +0000 2015,296,1546,609,277
3052830911,remziyesivaci,Remziye Sıvacı,Afyonkarahisar,Adalet ve Kalkınma Partisi Afyonkarahisar Milletvekili,Sun Feb 22 14:45:55 +0000 2015,12,164,5,0
3052753632,MustafaYun,Mustafa Yün,,,Sun Mar 01 15:15:05 +0000 2015,73,210,115,0
3047496874,AkcinarSeher,Seher Akçınar Bayar,,"HDP Erzurum Milletvekili,                               Sosyolog - İnsan Hakları Aktivisti",Fri Feb 20 17:51:59 +0000 2015,214,18183,472,11
3044835988,AvZbirkan,Zekeriya Birkan,,Ak Parti Bursa Milletvekili-Avukat-TBMM,Thu Feb 19 06:43:43 +0000 2015,71,234,75,10
3044714638,eminakbasoglu,M.Emin Akbaşoğlu,,AK Parti Çankırı Milletvekili,Wed Feb 18 17:55:23 +0000 2015,18,842,296,2
3043664421,ayhanyilmaz06,Ayhan Yılmaz,,Ak Parti Ankara Milletvekili,Tue Feb 17 21:41:37 +0000 2015,91,4384,833,395
3042891226,drrecepcetin,Recep Çetin,,25.Dönem MHP Balıkesir Milletvekili,Tue Feb 17 15:57:29 +0000 2015,73,157,366,5
3037304259,makif_yilmaz,Mehmet Akif YILMAZ,Kocaeli,AK Parti 25. Dönem Kocaeli Milletvekili - Eğitimci,Sat Feb 14 18:45:05 +0000 2015,7,2553,262,0
3034777359,NuriOkutanMHP,Nuri Okutan,,"Taşova,Harmancık,Bahçesaray, Narman, Kelkit'te Kaymakam; Siirt,Sakarya,Trabzon, Ş.Urfa'da Vali; 
25. Dönem 
MHP Isparta Milletvekili",Fri Feb 13 14:56:30 +0000 2015,179,3636,985,338
3033346047,HusnuyeErdogan,Dr. Hüsnüye Erdoğan,Konya,25. Dönem Ak Parti Konya Milletvekili,Thu Feb 12 20:32:48 +0000 2015,129,2087,797,1
3033275633,yildirimturkmhp,Cemil Yıldırım TÜRK,"Kırşehir, Türkiye",Milliyetçi Hareket Partisi Kırşehir Milletvekili#MHP,Thu Feb 12 19:37:08 +0000 2015,116,406,338,31
3029890878,selimdursun06,SELİM DURSUN,Türkiye,"Sivas Milletvekili
bilgi@selimdursun.com.tr",Thu Feb 19 12:58:08 +0000 2015,77,238,148,27
3029062577,drfarukozlu,Dr. Faruk Özlü,,Ak Parti Düzce Milletveili Adayı,Tue Feb 10 23:54:05 +0000 2015,27,65,7,28
3028845063,taskinaktas65,Dr. Taskin Aktas,,,Tue Feb 10 21:58:02 +0000 2015,40,188,23,28
3028678156,KarasayarOrhan,Orhan KARASAYAR ,,23. ve 24. Dönem Ak Parti Hatay Milletvekili    25. Dönem Ak Parti Hatay 2. Sıra Milletvekili Adayı,Tue Feb 10 19:36:29 +0000 2015,105,482,32,6
3027175600,drkadrikaraoglu,Kadri Karaoğlu,,Milliyetçi Hareket Partisi Bayburt Milletvekili Aday Adayı,Mon Feb 09 20:27:01 +0000 2015,20,97,2,1
3026673904,NihatYesilCHP,Nihat Yeşil,,,Mon Feb 09 16:09:13 +0000 2015,135,6281,141,1
3025338878,leylasahinusta,Dr. Leyla Şahin Usta,25. Dönem Konya Milletvekili,leylasahinusta@gmail.com,Wed Feb 18 09:54:12 +0000 2015,97,2433,461,42
3023969232,torunkani,Dr. C. Kani Torun,,"Doctors Worldwide (Yeryüzü Doktorları) CEO'su, Somali Eski Büyükelçisi, AK Parti Bursa Milletvekili",Tue Feb 17 13:51:01 +0000 2015,2,1144,852,113
3021618933,CDaggez,Celal Daggez,,,Fri Feb 06 16:08:49 +0000 2015,174,227,30,5
3021299620,ozcanpurcu,Özcan Purçu ,,"CHP İzmir  Milletvekili 
Ayrımız, gayrımız yok, ezilen, yok sayılan herkes için varım. Ezilenler ezeni fark ettiğinde hayatı değiştirir.",Fri Feb 06 10:27:14 +0000 2015,2435,17536,1258,1544
3015008919,tarkanakilli,Tarkan AKILLI,Antalya - Ankara,"MHP Antalya Milletvekili - İnşaat Yüksek Mühendisi / Member of Parliament for Antalya - Civil Engineer, M.Sc.",Tue Feb 03 18:55:29 +0000 2015,407,1113,1766,6858
2979105539,orhansaribalchp,Orhan SARIBAL,Bursa,Ziraat Mühendisi-Cumhuriyet Halk Partisi Bursa Milletvekili,Thu Jan 15 00:09:50 +0000 2015,1189,1002,741,67
2977996697,muharremvarli01,Muharrem VARLI,MHP Adana Milletvekili,"Adananın gururu, Ceyhan'ın öz evladı...",Wed Jan 14 12:48:05 +0000 2015,2785,44777,259,161
2972639925,ozkan_yalim,Özkan YALIM,,,Sun Jan 11 07:15:45 +0000 2015,18,123,1,0
2967487395,birol_ertem,birol ertem,,,Thu Jan 08 09:47:43 +0000 2015,8,154,3,0
2960246843,Av_MetinCelik,Av.Metin Çelik,,AK PARTİ Kastamonu Milletvekili,Sun Jan 04 14:00:26 +0000 2015,58,1608,807,335
2943589805,auslupehlivan01,Aydın Uslupehlivan,,CHP Adana Milletvekili Aday Adayı,Sat Dec 27 10:29:29 +0000 2014,49,351,0,0
2940572229,CKafl,Cemalettin Kaflı,,,Thu Dec 25 11:19:23 +0000 2014,119,179,274,44
2927542594,_kalaycimustafa,Mustafa Kalaycı,Resmi Twitter Sayfasıdır.,MHP TBMM İdari Amiri - Konya Milletvekili,Wed Dec 17 19:04:51 +0000 2014,289,385,1,0
2924871509,MetinerBasin,Mehmet Metiner,,Adalet ve Kalkınma Partisi (AK Parti) İstanbul Milletvekili / Justice and Development Party (AK Party) Istanbul Deputy,Tue Dec 16 12:30:50 +0000 2014,462,3422,3015,3012
2885519392,oktaycanak52,Oktay Çanak,İşimiz Gücümüz ORDU,AKPARTİ ORDU 25. DÖNEM MİLLETVEKİLİ,Thu Nov 20 10:58:37 +0000 2014,285,2027,1675,1037
2865550945,55erhanusta,Erhan Usta,Ankara,"AÜ SBF, ABD Northeastern Üni.;
Devlet Planlama Teşkilatı (Kalkınma Bakanlığı)'nda 11 yıl uzmanlık ve 15 yıl üst düzey yöneticilik;
MHP Samsun Milletvekili",Sun Oct 19 17:57:33 +0000 2014,1,1080,638,4
2858736219,orhanmiroglu1,Orhan Miroğlu,Star Gazetesi ,Gazeteci-Yazar. Zerdeşt ve Hiwa'nın babası. Resmi instagram hesabı: https://t.co/OlWslcSMWE,Mon Nov 03 12:30:07 +0000 2014,214,6533,544,172
2845493183,chpaliozcan,Ali Özcan,İstanbul,CHP İstanbul Milletvekili ve Parti Meclisi Üyesi,Sun Oct 26 17:42:54 +0000 2014,379,974,252,67
2841128931,Fakibaba63,Ahmet Eşref Fakıbaba,,"Tıp Doktoru, 2004-2014 Şanlıurfa Belediye Başkanı- AK Parti 25. Dönem Şanlıurfa Milletvekili",Wed Oct 22 13:22:54 +0000 2014,104,3315,628,546
2832582101,aagraliez,Abdullah ağralı,,,Wed Oct 15 19:50:39 +0000 2014,487,890,291,45
2828377500,Dursuncicek80,Dursun ÇİÇEK,İstanbul,"Ergenekon-Balyoz Kumpas davaları mağduru İstanbul Milletvekili
Em.Kur.Albay Dr.Dursun ÇİÇEK: 
Cumhuriyetin onuru olan hukuk-adalet için irademizi gösterelim...",Tue Sep 23 17:13:52 +0000 2014,880,10885,2589,2964
2824876791,Bayazitsevde,Sevde Bayazit Kaçar,,#OnlarKonusurAkPartiYapar,Sun Oct 12 12:04:59 +0000 2014,1661,5783,2870,44
2816737247,AytunCiray,Aytun Çıray,,"CHP İzmir Milletvekili, Parti Meclisi Üyesi",Wed Oct 08 20:22:17 +0000 2014,662,5840,2331,6
2803027408,HudaKaya777,Hüda Kaya,,HDP İstanbul Milletvekili - Yazar - Aktivist - DİK Şura ve HDP MYK üyesi  http://t.co/Wfs8BdBK5t,Fri Oct 03 22:37:53 +0000 2014,674,46619,985,247
2791826296,UcarBilal20,Bilal Uçar ,Denizli - Ankara,Denizli Milletvekili - AK Parti Yerel Yönetimler Başkan Yardımcısı - Adalet Komisyonu Üyesi,Mon Sep 29 14:20:44 +0000 2014,122,3211,1030,97
2787453897,kulmustafa77_ac,Mustafa Açıkgöz,,AK PARTİ NEVŞEHİR MİLLETVEKİLİ Eczacı,Sat Sep 27 17:11:43 +0000 2014,739,12152,964,330
2785274435,TCMustafaMit,MUSTAFA MİT,Ankara ,MHP 25. Dönem Milletvekili,Fri Sep 26 11:18:47 +0000 2014,111,1240,519,146
2776168815,salimuslu__,Salim USLU,,"24. ve 25.Dönem Çorum Milletvekili, TBMM İdare Amiri, Hak-İş Onursal Genel Başkanı",Fri Sep 19 16:23:48 +0000 2014,801,358438,8809,57
2775934013,EnisBerberoglu1,Enis Berberoğlu,CHP Genel Başkan Yardımcısı,,Fri Sep 19 14:25:37 +0000 2014,765,30162,414,3
2739067203,dilanararat,DirayetDilan Taşdmir,,HDP Ağrı Milletvekili,Sun Aug 10 15:34:13 +0000 2014,447,2947,497,64
2729594101,aliozmersin,Ali Öz,,MHP Mersin Milletvekili,Wed Aug 13 14:22:18 +0000 2014,54,783,383,13
2726705524,GulizarBicer,Gülizar Bicer Karaca,,CHP Denizli Milletvekili,Sun Jul 27 20:16:55 +0000 2014,130,821,137,9
2706921675,caglardemirell,Çağlar Demirel,,HDP Diyarbakır Milletvekili,Sun Jul 13 12:27:47 +0000 2014,350,3055,210,61
2695238948,fdemetsari,Demet Sarı,,"#TBMM
 #AKPARTİ ADANA  MİLLETVEKİLİ",Thu Jul 31 09:12:27 +0000 2014,239,1935,1156,87
2655258712,dbdenizbaykal,Deniz Baykal,Resmi Twitter Hesabı,CHP Eski Genel Başkanı - Antalya Milletvekili,Mon Jun 30 03:38:55 +0000 2014,920,11767,328,0
2588180340,Av_Hakverdi,Ali Haydar Hakverdi,,CHP Ankara Milletvekili,Wed Jun 25 20:53:00 +0000 2014,627,14585,654,137
2571645649,profdrihsanoglu,Ekmeleddin İhsanoğlu,Istanbul,"Türk Bilim Tarihi Profesörü, Akademisyen, Diplomat ve Yazar",Mon Jun 16 20:53:16 +0000 2014,18,225886,448,0
2563951645,gkozakisik,RüveydeGülseren Işık,,(http://t.co/LFadn7KIw3) (http://t.co/v51FBG0GRo) (rgulserenkozakisik@gmail.com) (http://t.co/TnxPoiz66W),Thu Jun 12 19:15:51 +0000 2014,38,312,115,11
2503871082,HARUNKARACA1,HARUN KARACA,TBMM,AK Parti İstanbul Milletvekili,Sun May 18 08:53:12 +0000 2014,422,9355,5717,12
2451423584,mbasesgiolu37,Murat Başesgioğlu,,"İçişleri, Devlet, Çalışma ve Sosyal Güvenlik Eski Bakanı, MHP İstanbul Milletvekili, BJK Kongre üyesi,Kastamonulu, Avukat,İki erkek çocuk babası",Fri Apr 18 14:13:49 +0000 2014,189,6589,552,72
2382170311,muslumdogan1959,MÜSLÜMDOĞAN,"Gölbaşı, Ankara",PİR SULTAN ABDAL DERNEKLERİ ESKi GENEL BAŞKANI /İZMİR Milletvekili,Mon Mar 10 13:40:50 +0000 2014,367,1244,533,22
2375316190,Suleyman9574,Süleyman KORKMAZ,Kayseri,MHP KAYSERİ MİLLETVEKİLİ,Sun Mar 02 08:58:42 +0000 2014,485,1117,75277,2776
2355368126,AYARHikmet,Hikmet AYAR,Rize,"Ak Parti Rize Milletvekili, Serbest Muhasebeci Mali Müşavir",Fri Feb 21 21:41:40 +0000 2014,585,5878,278,75
2343697842,abdurrahmanbask,Abdurrahman Başkan,"Tokat, Türkiye","MHP Tokat Milletvekili
Ziraat Mühendisi - Sanayici",Fri Feb 14 15:00:15 +0000 2014,90,1954,662,381
2343520519,cemil_seboy,Cemil Şeboy,(Resmi Hesabıdır),AK Parti İzmir 1. Bölge 3. Sıra Milletvekili Adayı,Fri Feb 14 12:32:21 +0000 2014,475,2154,365,24
2334924816,mehmetvarolmhp,Mehmet VAROL,,Memleket Sevdalısı,Sun Feb 09 10:51:45 +0000 2014,28,393,42,0
2322369373,DrOrhanErzurum,Orhan Erzurum,Giresun/TÜRKİYE,MHP Giresun Belediye Başkan Adayı,Sat Feb 01 13:56:33 +0000 2014,132,367,41,1
2320553958,aydinunal06,Aydın Ünal,,ANKARA MEBUSU,Fri Jan 31 09:59:41 +0000 2014,236,13705,618,5
2309002266,avaliozkaya,Ali Özkaya,"Ankara, Afyonkarahisar",Ak Parti Afyonkarahisar Milletvekili,Fri Jan 24 21:44:16 +0000 2014,745,3195,4098,80
2307397555,leylazanainfo,Leyla Zana,,"Halkların Demokratik Partisi 19. ve 24. dönem Amed, 25. dönem Agirî Milletvekili. Sakharov, Rafto ve Bruno Kreisky ödülleri sahibi. Tek resmi Twitter hesabıdır.",Thu Jan 23 23:25:46 +0000 2014,80,45369,228,2
2303813486,meminadiyaman,Mehmet Emin Adıyaman,,"HDP 25. Dönem Iğdır Milletvekili - Avukat- Halkların Demokratik Partisi
(Resmi Hesap)",Tue Jan 21 22:40:53 +0000 2014,15,122,56,13
2289619094,TumMehmet,Mehmet Tüm,,,Mon Jan 13 12:39:28 +0000 2014,11,340,3349,0
2270165869,yilmaz_ismet58,İsmet YILMAZ,Ankara-Sivas,"T.C. Milli Savunma Bakanı 
AK Parti Sivas Milletvekili",Tue Dec 31 09:49:45 +0000 2013,9,3656,0,0
2262866341,lutfielvan,Lütfi Elvan,,"Ulaştırma,Denizcilik ve Haberleşme Eski Bakanı / Antalya Milletvekili Resmi Twitter Hesabıdır.",Thu Dec 26 13:44:10 +0000 2013,22,10373,394,0
2261937564,Aysenurislam,Ayşenur İslam,,"Aile ve Sosyal Politikalar Bakanı, AK Parti Sakarya Milletvekili",Wed Dec 25 21:44:04 +0000 2013,57,53726,802,5
2261658546,mpyrzli,Av. Mahmut Poyrazlı,,TBMM 25. Dönem AK Parti Balıkesir Milletvekili,Wed Dec 25 16:38:03 +0000 2013,37,546,414,9
2244690269,YALCINKAYARIZA,Rıza YALÇINKAYA,Bartın,Cumhuriyet Halk Partisi Bartın Millet Vekili Bartın Belediye Başkan Adayı,Thu Dec 26 12:13:54 +0000 2013,53,291,1,0
2235177095,Seydiamca,Seyit EYYÜPOĞLU,,"19,20,23,24 ve 25. dönem Şanlıurfa Milletvekili.      AK PARTİ",Fri Dec 20 18:53:01 +0000 2013,94,12270,1365,120
2233223984,yasartuzun06,yasartuzun06,,CHP ÇANKAYA BELEDİYE BAŞKAN A. ADAYI,Fri Dec 06 16:25:34 +0000 2013,1401,404,25,0
2232989053,kamilaydinmhp,Prof.Dr.Kamil Aydın,Erzurum,Milliyetçi Hareket Partisi Erzurum Milletvekili Milliyetçi Hareket Partisi MYK Üyesi,Fri Dec 06 13:30:40 +0000 2013,743,8774,4177,1976
2202336802,AvFatmaBenli,Av Fatma BENLİ,,,Sat Nov 30 22:06:02 +0000 2013,428,1650,587,56
2198148154,ibrahimozdis01,İbrahim Özdiş,"Adana, Türkiye",25. DÖNEM CHP ADANA MİLLETVEKİLİ,Wed Nov 27 16:53:58 +0000 2013,608,850,710,293
2178290473,ErolDora,Erol Dora,,HDP Mardin Milletvekili,Wed Nov 06 15:27:55 +0000 2013,165,15352,298,0
2168472695,recepozel32,Recep Özel,,AK Parti Isparta Milletvekili,Mon Nov 04 19:44:29 +0000 2013,299,1836,815,5
2164881932,RavzaKavakci,Ravza KAVAKCI KAN,"İstanbul, Türkiye",PhD · Siyaset Bilimi-Uluslararasi Iliskiler-Postkolonyal Calismalar Merkezi (PAMER). Hasan Kalyoncu Universitesi AK Parti Istanbul Milletvekili,Wed Oct 30 14:28:00 +0000 2013,280,5198,2816,3420
2161985859,MustafaYel59,Mustafa Yel,Tekirdağ,Tekirdağ  Milletvekili,Thu Oct 31 15:33:56 +0000 2013,250,2723,1868,419
1920500839,AtilaKaya_MHP,Atila KAYA,,"#MHP Genel Başkan Yardımcısı, 23-24-25. Dönem İstanbul Milletvekili - 1997-2003 Ülkü Ocakları Eğitim ve Kültür Vakfı Genel Başkanı- Resmi Twitter Hesabıdır",Mon Sep 30 15:45:28 +0000 2013,149,31634,646,11
1916541715,HasanKarall,Hasan Karal,Ankara - Rize,• AK Parti Rize Milletvekili •,Sun Sep 29 07:54:24 +0000 2013,165,3586,123,24
1899433327,Akresitpolat79,Reşit POLAT,Kİlis,Ak Parti Kilis Milletvekili,Tue Sep 24 06:12:53 +0000 2013,455,1147,978,7
1875365233,Abdullah_ZEYDAN,Abdullah Zeydan,,Twitter Takipçi Arttırma : http://t.co/ZUeh3V5B3E,Tue Sep 17 12:29:58 +0000 2013,858,8118,216,131
1686214628,turhanalclk,Turhan Alçelik,İstanbul,Doç. Dr,Tue Aug 20 16:43:49 +0000 2013,89,85,7,6
1672651009,ismailok_,İsmail OK,BALIKESİR,"2009-2014 Balıkesir Belediye Başkanı
         MHP 25. Dönem Balıkesir  Milletvekili",Thu Aug 15 08:24:59 +0000 2013,463,4878,3318,434
1668680330,ChpVecdi,Vecdi Gündoğdu ,,CHP Kırklareli Belediye Başkanı Aday Adayı,Tue Aug 13 20:21:47 +0000 2013,3,272,819,0
1667813030,TurabiKayan,Turabi Kayan,,CHP Kırklareli Milletvekili,Tue Aug 13 13:28:36 +0000 2013,43,354,37,3
1662998840,Emine_Gozgec16,Emine Yavuz Gözgeç ,"Bursa, Türkiye",AK Parti Bursa Milletvekili Adayı,Sun Aug 11 16:56:00 +0000 2013,360,480,555,1
1651500799,N_Reyhanlioglu,Nursel REYHANLIOĞLU ,,"AK Parti Kahramanmaraş 25.Dönem Milletvekili Member of The Grand National Assembly of Turkey, Representing Kahramanmaraş",Tue Aug 06 23:10:54 +0000 2013,66,613,422,237
1588107355,DrMehmetSeker,Dr. Mehmet Şeker,"TBMM Ankara, Türkiye","CHP Gaziantep Milletvekili , CHP Kilis Gönüllü Milletvekili,
KİT Komisyonu Üyesi             http://t.co/43PQFYVy8h",Fri Jul 12 09:45:20 +0000 2013,260,3294,784,7
1568992358,ademyesildal,Adem Yeşildal,"Hatay, Ankara",Avukat / 24 ve 25. Dönem Ak Parti Hatay Milletvekili.,Thu Jul 04 20:20:07 +0000 2013,208,3377,1803,25
1560099350,celal_adan,celal adan,,"MHP GENEL BAŞKAN YARDIMCISI, 
İSTANBUL MİLLETVEKİLİ",Mon Jul 01 09:23:30 +0000 2013,96,4849,31,0
1555601071,MelikeBasmac,Melike Basmacı,,CHP Denizli Milletvekili,Sat Jun 29 12:35:47 +0000 2013,385,1752,3855,8
1553919319,SuphiAktan,uygar aktan,"İstanbul, Türkeli",,Fri Jun 28 19:54:24 +0000 2013,43,143,1373,71
1545452335,halilozcan63,Dr.Halil Özcan,,AK Parti Şanlıurfa Milletvekili,Tue Jun 25 10:59:59 +0000 2013,83,3764,1590,1119
1544049488,AliPulcu,Mehmet Ali Pulcu,,AkParti İstanbul 1.Bölge Milletvekili Adayı,Mon Jun 24 20:23:05 +0000 2013,84,434,41,1
1519318939,AdemTATLI28,Adem TATLI,,22. 24. ve 25.  Dönem Giresun Milletvekili,Sat Jun 15 12:37:38 +0000 2013,9,523,1750,0
1517352517,semakirci,Sema Kırcı,,"AK PARTİ MKYK Üyesi 
25. Dönem Balıkesir Milletvekili",Fri Jun 14 19:11:49 +0000 2013,602,2510,3346,2546
1491205494,AvMuratGokturk,Av.Murat Göktürk,AK Parti Nevşehir Milletvekili,Avukat - TBMM Adalet Komisyonu Üyesi,Fri Jun 07 20:23:33 +0000 2013,266,3543,1536,22
1487756959,CananCCelik,Canan Candemir ÇELİK,Türkiye Büyük Millet Meclisi,"AK Parti 23-24.Dönem Bursa, 25. Dönem Gaziantep Milletvekili - Kadın Erkek Fırsat Eşitliği ve Anayasa Komisyonu Üyesi Merkez Disiplin Kurulu Üyesi",Thu Jun 06 13:17:16 +0000 2013,787,110822,966,31
1487245633,erkanakcay45,Erkan Akçay,,25. Dönem MHP Manisa Milletvekili,Thu Jun 06 08:29:46 +0000 2013,1506,10889,3215,74
1487168742,TugrulTurkes,Y. Tuğrul TÜRKEŞ,,Milliyetçi Hareket Partisi (MHP) Türk Dünyası ve Uluslararası İlişkilerden Sorumlu Genel Başkan Yardımcısı ve Ankara Milletvekili. Resmî Twitter Hesabıdır.,Thu Jun 06 08:09:56 +0000 2013,56,78599,2430,0
1484936023,Sebnem_kcklc,Şebnem Koçakelçi,Bingöl,25.Dönem Ak Parti Bingöl Milletvekili,Wed Jun 05 12:36:04 +0000 2013,209,4278,598,13
1484783244,OktayOzturk_MHP,Oktay Öztürk #MHP,,MHP Genel Başkan Yardımcısı - Mersin Millet Vekili,Wed Jun 05 11:41:53 +0000 2013,92,26008,1176,57
1472264995,kasimgulpinar,Kasım Gülpınar,,AK Parti Şanlıurfa Milletvekili,Fri May 31 14:08:54 +0000 2013,304,10860,1294,3848
1468227864,FilizKer,Filiz Kerestecioğlu,,HDP İstanbul Milletvekili. Biz'ler HDP Biz'ler Mecliste olduğu için mutluuu...,Wed May 29 21:02:05 +0000 2013,1175,13437,6898,1746
1462396794,BaybaturMurat,Murat Baybatur,Manisa,AK Parti Manisa Milletvekili.,Mon May 27 15:30:19 +0000 2013,121,2475,1545,267
1458157519,haydaraliyildiz,Haydar Ali YILDIZ,,"Hukukçu, AK Parti İstanbul Milletvekili, Okçular Vakfı Başkanı.         haydarali.yildiz@tbmm.gov.tr",Sat May 25 21:57:10 +0000 2013,319,6590,1227,2
1445709277,ZiyaAltunyaldiz,Ziya Altunyaldız,,AK Parti Konya Milletvekili,Tue May 21 07:21:39 +0000 2013,77,2008,573,10
1430749140,AliYigitCHP,Ali Yiğit,,Chp İzmir Milletvekili,Wed May 15 15:25:12 +0000 2013,245,1307,206,2
1421299758,mehmetucum,Mehmet Ucum,,,Sat May 11 18:37:00 +0000 2013,708,1789,1761,1071
1415372138,BihlunTamaylgil,Bihlun Tamaylıgil,,CHP İstanbul Milletvekili,Thu May 09 12:00:01 +0000 2013,3064,31152,861,223
1400093408,akenantanrikulu,Kenan Tanrıkulu,,MHP Genel Başkan Yardımcısı ve İzmir Milletvekili,Fri May 03 16:06:48 +0000 2013,624,25065,5741,1348
1341338034,alibaskan54,ALİ İNCİ,Sakarya / Hendek,"Sakarya (1999-2015 Hendek Belediye Başkanı)Türk Dünyası Belediyeler Birliği kurucu yönetim kurulu Üyesi ve TDBB Başkan Yardımcısı
25. Dönem Sakarya Milletvekili",Wed Apr 10 08:24:30 +0000 2013,65,4913,11752,5233
1336526617,jsarieroglu,Jülide Sarıeroğlu,,Ak Parti Ankara Milletvekili / Ak Parti Genel Merkez Kadın Kolları Halkla İlişkiler Başkanı,Mon Apr 08 12:23:45 +0000 2013,1060,3604,11501,806
1321952677,mkulunk,Metin KÜLÜNK,,TBMM AK Parti İst.MV|AK Parti Dış İlşk.Bşk.Yrd.|Member of Turkish Parliament |AK Party Deputy for Istanbul | Deputy Chairman of the AK Party`s Foreign Affairs,Tue Apr 02 07:14:57 +0000 2013,739,77979,8252,52
1318916166,efkanala,Efkan Âlâ,,Ak Parti Erzurum Milletvekili,Sun Mar 31 18:52:11 +0000 2013,458,581082,480,14
1314173346,ZeynelEmre_,Zeynel Emre,İstanbul,CHP İstanbul Milletvekili Zeynel Emre Resmi Twitter Hesabı,Fri Mar 29 15:39:09 +0000 2013,379,1526,1484,48
1310918803,OsmanAskinBak,Osman Aşkın Bak,,Milletvekilimiz Sayın Osman Aşkın BAK'ın şahsi olarak kulandığı hesap; @OA_BAK hesabıdır.,Thu Mar 28 15:12:40 +0000 2013,4,148,5,0
1303265256,ilksen_kurt,LÜTFİYE İLKSEN  KURT,,AK PARTİ ÇORUM MİLLETVEKİLİ ECZ.LÜTFİYE İLKSEN CERİTOĞLU KURT,Tue Mar 26 09:51:13 +0000 2013,198,566,1111,138
1292740759,drorhanatalay65,orhan atalay,Türkiye,"Prof.Dr. İlahiyatçı, Ak Parti Ardahan Milletvekili",Sat Mar 23 22:48:02 +0000 2013,337,2481,261,8
1292533710,meraldanis,Meral Danış Beştaş,,"HDP Eş Genel Başkan Yardımcısı, Adana Milletvekili.",Sat Mar 23 21:36:11 +0000 2013,956,86192,5555,27
1277286792,huseyincamak,Dr. Hüseyin ÇAMAK,Mersin,#CHP 25. Dönem #Mersin #Milletvekili | İç Hastalıkları Uzmanı Facebook:http://t.co/K8Cgtm3ThU,Mon Mar 18 09:45:25 +0000 2013,328,722,810,118
1251275336,KemaITekden,Kemal Tekden,,25. Dönem Kayseri Milletvekili / Resmi twitter hesabı,Fri Mar 08 09:42:02 +0000 2013,235,991,723,61
1229128386,OkerTurgut,Turgut Öker,,HDP İstanbul Milletvekili,Fri Mar 01 06:09:24 +0000 2013,1794,10163,1823,32
1207985736,DrSalihFirat,Dr. Salih FIRAT,,"24. ve 25. DÖNEM AK PARTİ ADIYAMAN MİLLETVEKİLİ. Sağlık, Aile, Çalışma Ve Sosyal İşler Komisyonu. Ortopedi ve Travmatoloji Uzmanı",Fri Feb 22 11:30:48 +0000 2013,700,8547,2830,126
1174477046,aycanirmez,Aycan İrmez,"Şırnak, Türkiye",HDP Şırnak Milletvekili,Wed Feb 13 08:52:19 +0000 2013,406,2535,262,142
1171380133,IzzetUlvi,İ.Ulvi Yönter,,,Tue Feb 12 08:52:09 +0000 2013,227,287,192,162
1170423104,AkdoganYalcin,Yalçın Akdoğan,"ANKARA,BAŞBAKANLIK",AK Parti Milletvekili ve Başbakan Ahmet Davutoğlu 'nun yardımcısı. ( Başbakan Yardımcısı ) ( not affiliated with Yalçın Akdoğan ) (fan account) #AKPARTi,Tue Feb 12 00:24:14 +0000 2013,58,3213,15,10
1168645010,Said_Yuce,Said Yüce,,"Barla Platformu Başkanı
Amasya Milletvekili",Mon Feb 11 11:36:05 +0000 2013,35,20052,191,7
1116377042,huseyinnfiliz,Hüseyin FİLİZ,ANKARA-ÇANKIRI,"24-25.Dönem AK PARTİ ÇANKIRI MİLLETVEKİLİ - Sanayi,Ticaret,Enerji,Tabii Kaynaklar,Bilgi ve Teknoloji Komisyonu Üyesi-Kastamonu İl Koordinatörü {RESMİ HESAP }",Thu Jan 24 09:41:42 +0000 2013,471,10731,3279,2100
1109260782,AvKazimArslan,Kazım Arslan,Denizli/Türkiye,,Mon Jan 21 15:13:29 +0000 2013,42,875,317,3
1097709890,YaarKARAYEL,Yaşar KARAYEL,25. Dönem Kayseri Milletvekili,"23., 24. ve 25. Dönem Ak Parti Kayseri Milletvekili Bayındırlık, İmar, Ulaştırma ve Turizm Komisyonu Başkanvekili 1950 Kayseri Tomarza Akdere (Kelgin) Köyü",Thu Jan 17 09:43:44 +0000 2013,322,3798,1460,1014
1091640270,bulenttufenkci,Av. Bülent Tüfenkci,,AK Parti Malatya İl Eski Başkanı (2011-2015) • AK Parti Malatya 25. Dönem Milletvekili,Tue Jan 15 10:23:34 +0000 2013,135,34805,2602,566
1057773648,ahirzamanoglu,İHSAN ŞENER,,,Thu Jan 03 13:28:19 +0000 2013,215,3402,1200,17
1053117056,MehmetYukselMlv,Mehmet YÜKSEL,,Denizli Milletvekili,Tue Jan 01 17:48:19 +0000 2013,429,11185,3513,1284
1035568326,AvHalilFirat,İbrahim Halil FIRAT,,2011-2015 Ak Parti Adıyaman İl Başkan 25. Dönem Akparti Adıyaman Milletvekili,Tue Dec 25 20:42:57 +0000 2012,479,6829,4225,91
1017387878,sefkatcetin,Şefkat Çetin,,Milliyetçi Hareket Partisi Teşkilat İşlerinden Sorumlu Genel Başkan Yardımcısı,Mon Dec 17 12:41:02 +0000 2012,49492,71955,2484,9
1008852967,FuatKoktas55,Fuat KÖKTAŞ,"Samsun, Türkiye","Ak Parti Samsun Milletvekili, Köktaş Grup Şirketlerinin Yönetim Kurulu Başkanı",Thu Dec 13 13:42:22 +0000 2012,106,5400,3129,264
1006254102,aaydin02,Ahmet AYDIN,,"AK Parti Grup Başkan Vekili 
     Adıyaman Milletvekili",Wed Dec 12 12:43:02 +0000 2012,971,32148,5553,78
993421747,mehmetaltay64,Mehmet Altay,,Avukat. AK Parti Uşak Milletvekili.,Thu Dec 06 16:41:45 +0000 2012,293,4248,704,29
992711509,sevimsavaser,Sevim Savaşer,,,Thu Dec 06 09:14:28 +0000 2012,203,376,0,33
986911464,_cevdetyilmaz,Cevdet Yılmaz,,Diyarbakır Milletvekili-Türkiye Cumhuriyeti Kalkınma Bakanı,Mon Dec 03 16:08:01 +0000 2012,219,137051,7105,622
918656281,MustafaERDEMMHP,Mustafa ERDEM MHP,"Türkiye, ANKARA",MHP Ankara Milletvekili,Thu Nov 01 09:46:38 +0000 2012,1,6893,356,0
897105026,fikri_isik,Fikri Işık,ANKARA,"T.C. Bilim Sanayi ve Teknoloji Bakanı

( not affiliated with Bakan FİKRİ IŞIK ) (fan account) 
#FİKRİIŞIK
#fikriışık
#fikriisik
#AKPARTi",Mon Oct 22 08:59:21 +0000 2012,107,1325,13,24
861427675,profmustafaisen,Mustafa İSEN,,AK Parti Sakarya Milletvekili http://t.co/rRMcmjFgED,Thu Oct 04 13:45:44 +0000 2012,34,2242,461,0
858032418,HuseyinYayman,Hüseyin Yayman,,"'SEN, BEN YOK. BİZ VARIZ'...(Doç.Dr. Siyaset Bilimi) İstanbul Milletvekili... http://t.co/C8xyoLU5DI",Tue Oct 02 13:16:50 +0000 2012,1775,58984,2074,2091
857751612,suha_aldan,ÖMER SÜHA ALDAN,ankara,MUĞLA MİLLETVEKİLİ,Tue Oct 02 09:24:29 +0000 2012,130,1579,107,5
856226174,drrecepseker,AK Parti Recep Şeker,,AK Parti Karaman Milletvekili,Mon Oct 01 11:29:49 +0000 2012,135,341,232,7
845495948,FaysalSaryldz,Faysal Sarıyıldız,HDP Şırnak Milletvekili,,Tue Sep 25 13:07:33 +0000 2012,649,55920,3316,1479
840306830,ProfDrBeyzaUstn,Beyza Üstün,,"HDP İstanbul Milletvekili - 
'Artık düşünmeye değer ne varsa ekolojik olmak zorundadır.'",Sat Sep 22 19:25:04 +0000 2012,89,3851,429,89
839511554,ahmetgundogdu01,AHMET GÜNDOĞDU,,AK Parti Ankara Milletvekili,Sat Sep 22 10:31:09 +0000 2012,384,35111,4997,0
822910014,ACagatayKilic,Akif Çağatay Kılıç,Gençlik ve Spor Bakanlığı,AK PARTi Samsun Milletvekili &  Gençlik ve Spor Bakanı  ( not affiliated with Akif Cagatay Kilic ) (fan account) #GSB #AkifÇağatayKılıç #AkifCagatayKilic,Fri Sep 14 08:18:18 +0000 2012,90,2330,55,35
813718705,Avturkmen,ELİF DOĞAN TÜRKMEN,,CHP  25. DÖNEM ADANA MİLLETVEKİLİ.ADANA İŞ VE MESLEK SAHİBİ KADINLAR DÖNEM SÖZCÜSÜ.AVUKAT,Sun Sep 09 19:12:53 +0000 2012,332,3674,11657,2619
813310903,asiyekolcakhdp,Asiye Kolcak,,HDP BURSA Milletvekili .,Sun Sep 09 15:10:29 +0000 2012,990,13118,7118,535
810886674,naci_agbal,Naci AĞBAL,,Bayburt Milletvekili,Sat Sep 08 13:07:03 +0000 2012,13,3902,288,18
804108324,TekinBingolCHP,Tekin BİNGÖL,,"CHP ANKARA MİLLETVEKİLİ                                
CHP PARTİ ÖRGÜTÜ, ÖRGÜT YÖNETİMLERİ VE YURTDIŞI ÖRGÜTLENMELERDEN SORUMLU GENEL BAŞKAN YARDIMCISI",Wed Sep 05 08:00:17 +0000 2012,288,7367,900,39
802856384,acarayhse,Ayşe Acar Başaran,,HDP Batman Milletvekili,Tue Sep 04 17:30:50 +0000 2012,303,3871,2422,347
786554756,profserpilbulut,serpil bulut,elazığ,Adalet ve Kalkınma Partisi Elazığ Milletvekili,Tue Aug 28 08:47:33 +0000 2012,226,708,583,10
773811853,ImamTascier,Imam Tascıer,,HDP DİYARBAKIR MİLLETVEKİLİ,Wed Aug 22 14:36:54 +0000 2012,389,1019,357,32
768131000,yildirimgulser,Gülser Yıldırım,,HDP Mardin Milletvekili,Sun Aug 19 19:50:22 +0000 2012,301,32720,1840,235
744924164,AvOzlemZengin,Av. Özlem Zengin,,,Wed Aug 08 10:25:03 +0000 2012,77,16135,564,16
724802407,mustafashn44,Mustafa Şahin,Boran/Malatya/Ankara,AK Parti 24 ve 25.Dönem Kayısı Başkenti Malatya Milletvekili,Sun Jul 29 23:11:15 +0000 2012,119,21910,2655,157
716119470,AdnanBoynukara,Adnan Boynukara,Adıyaman/Ankara/Türkiye,AK Parti Adıyaman Milletvekili,Wed Jul 25 14:06:09 +0000 2012,281,16259,6166,343
713914603,fatma_gaye,Gâye G.,,https://t.co/zcGsu6htJ6,Tue Jul 24 08:06:26 +0000 2012,577,4382,5575,2745
712525305,AvBalkiz,Zeynel Balkız,,Manisa MHP Milletvekili,Sun Oct 13 11:49:51 +0000 2013,45,573,321,30
707159762,Akif_Hamzacebi,Akif Hamzaçebi,,"İstanbul Milletvekili,Member of the Turkish Parliament for İstanbul. Republican People's Party.",Fri Jul 20 13:41:47 +0000 2012,822,171397,2916,820
623808235,ersoyruhi,Doç.Dr.Ruhi ERSOY,Ankara,MHP MYK Üyesi ve Osmaniye Milletvekili,Sun Jul 01 14:44:23 +0000 2012,1390,17337,10362,2342
614874281,ibrayhan,İbrahim Ayhan,HDP RIHA-URFA MİLLETVEKİLİ,,Fri Jun 22 05:13:51 +0000 2012,343,34659,2190,4809
612339002,BulentBelen59,Bülent Belen,,24. ve 25.Dönem Milliyetçi Hareket Partisi Tekirdağ Milletvekili,Tue Jun 19 07:00:40 +0000 2012,210,5322,2192,24
602947706,mustafagultak,mustafa gultak,"Mersin, Türkiye",Adalet ve Kalkınma Partisi Mersin Milletvekili,Fri Jun 08 18:02:48 +0000 2012,65,162,43,0
600837425,chpdevrimkok,Devrim KÖK,ANTALYA,Devrim KÖK Resmi Twitter Hesabı...,Wed Jun 06 09:47:50 +0000 2012,265,5930,2136,11
597901065,Dr_K_Aydin,Doc Kemalettin AYDİN,,"23.ve 24.ve 25.donem Gümüşhane Mv..AK Parti Genel Mrk ArGe Bşk.Yrd.TBMM Karadeniz Eko.İşb.Parlamenter Asamblesi Üyesi,Tıp Doçenti,İktisatcı....",Sat Jun 02 23:06:26 +0000 2012,932,12989,4582,52
590346965,meral_aksener,Meral Akşener,,MHP İSTANBUL Milletvekili,Fri May 25 21:53:17 +0000 2012,820,466340,6040,5
584710677,SaadetBecerekli,Saadet Becerekli,,HDP Batman Milletvekili / Parlamenterê HDP'ê yê Êlihê,Sat May 19 10:16:38 +0000 2012,122,1172,253,15
580044071,mehmetozhaseki,Mehmet ÖZHASEKİ,,Ak Parti Kayseri 25. Dönem Milletvekili,Mon May 14 16:59:02 +0000 2012,5,33895,2210,2
578351935,sadirdurmaz,Sadir Durmaz,Ankara,"MHP Genel Başkan Yardımcısı
Yozgat Milletvekili",Sat May 12 19:55:06 +0000 2012,201,20607,705,1
572150607,MahmutSamiMALLI,Mahmut Sami Mallı,,"AK Parti Gençlik Kolları Genel Başkan Yardımcısı,              AK Parti Ankara Milletvekili",Sat May 05 21:04:07 +0000 2012,886,6442,7147,1741
571264584,muhammetbalta61,Muhammet Balta,,TRABZON Milletvekili,Fri May 04 21:50:55 +0000 2012,383,3151,3213,550
559103715,HemmedAliAslan,Mehmet Ali ASLAN,,HDP Mardin Milletvekili                                                         Mhallami Derneği & Anadolu Arap Birliği Başkanı,Fri Apr 20 23:26:35 +0000 2012,222,853,175,36
555956295,SIRIN_UNAL,Şirin ÜNAL,TBMM,AK PARTİ İstanbul Milletvekili,Tue Apr 17 11:00:31 +0000 2012,406,19297,39522,0
548556347,ZTaskesenlioglu,Zehra Taşkesenlioğlu,,Ak Parti Erzurum Milletvekili. DEİK Ruanda İş Konseyi Başkanı DEİK Tanzanya İş Konseyi Başkan Vekili,Sun Apr 08 16:47:16 +0000 2012,859,2027,4821,188
545965017,enginaltaychp,Engin ALTAY,TBMM,"CHP Grup Başkanvekili 
Istanbul Milletvekili",Thu Apr 05 11:02:07 +0000 2012,746,38453,2091,98
540730768,HSEYNYILDIZ7,HÜSEYİN YILDIZ  ,TÜRKİYE -AYDIN-DİDİM,"AYDIN CHP MİLLETVEKİLİ ADAYI
#geziparkı",Fri Mar 30 11:10:41 +0000 2012,43,615,148,7
539006164,buyukataman,İsmet Büyükataman,Ankara,"MHP Genel Sekreteri, Bursa Milletvekili",Wed Mar 28 12:40:39 +0000 2012,49,29213,5307,261
529661015,SezaiTemelli,Sezai Temelli,İstanbul,"İstanbul Üniversitesi Siyasal Bilgiler Fakültesi, #HDP İstanbul Milletvekili",Mon Mar 19 19:35:55 +0000 2012,838,10274,6127,20
527926613,tkucukcan,Talip Küçükcan,,"AK Parti Adana Milletvekili, (Prof. Dr. Marmara Üniversitesi Sosyoloji Bölümü - Uludağ, Londra, Warwick Üniversitesi)",Sat Mar 17 23:11:28 +0000 2012,1195,35527,19780,1455
524380635,nurselaydogan58,Nursel AYDOĞAN,,Halkların Demokratik Partisi Amed Milletvekili/ Parlamentera Partiya Demokratîk a Gelan...,Wed Mar 14 14:01:08 +0000 2012,312,46023,918,93
523589010,aknstndg,Akın Üstündağ ,"Muğla, Türkiye",1968 milas doğumluyum selçuk üniversitesi hukuk fakültesi mezunuyum. Evli ve iki çocuk babasıyım.25.dönem Muğla Milletvekili olarak görev yapmaktayım.,Tue Mar 13 19:30:11 +0000 2012,255,414,50,7
516904258,KSurekli,Kerem Ali Sürekli,"Karşıyaka, İzmir",AK Parti İzmir Milletvekili - Avukat,Tue Mar 06 21:22:30 +0000 2012,620,8560,4474,109
507193196,yurdusevZ,yurdusev özsökmenler,,,Tue Feb 28 10:33:39 +0000 2012,80,131,0,3
506408349,mehmetdilipak,mehmet uğur dilipak,,armadas bölge müdürü,Mon Feb 27 21:10:19 +0000 2012,134,354,209,0
494062547,TEVFKTOPCU,TEVFİK TOPÇU,,,Thu Feb 16 13:47:26 +0000 2012,59,135,1,0
492960905,HAMIDESRC,HAMİDE SÜRÜCÜ,Ş.URFA,25. DÖNEM AK PARTİ ŞANLIURFA MİLLETVEKİLİ,Wed Feb 15 09:22:08 +0000 2012,627,1288,1250,66
492173294,erkanecz,erkan AYDIN,,CHP OSMANGAZİ BELEDİYE BAŞKAN ADAYI,Tue Feb 14 12:36:11 +0000 2012,194,713,3668,4
492162539,MuharremErkek17,Muharrem Erkek,Çanakkale,Avukat-CHP Çanakkale Milletvekili-CHP Grup Yönetim Kurulu Üyesi,Tue Feb 14 12:20:19 +0000 2012,545,1170,1185,20
492115635,goklevent,Levent Gök,,,Tue Feb 14 11:06:28 +0000 2012,149,17861,2506,53
486852758,avhilmibilgin,Hilmi BİLGİN,,"Hukukçu Ak Parti Sivas Milletvekili 
Genel Merkez Seçim İşleri Başkan Yrd.",Wed Feb 08 18:53:43 +0000 2012,365,7851,3444,99
483683401,caturgil,Faruk Çaturoğlu,,,Sun Feb 05 08:43:22 +0000 2012,12,59,6,0
479635805,avmustafakose,Av. Mustafa KÖSE,ANTALYA,AK PARTİ Antalya Milletvekili,Tue Jan 31 16:06:47 +0000 2012,998,35552,17577,745
477693990,fehmikupcu14,FEHMi KÜPÇÜ,AK PARTİ BOLU MİLLETVEKİLİ,,Sun Jan 29 13:22:52 +0000 2012,328,2901,193,11
476941366,msnazli,Mustafa Şükrü Nazlı,Kütahya,AK Parti Kütahya Milletvekili,Sat Jan 28 17:20:44 +0000 2012,218,1274,84,25
473896369,avyusufbaser,Yusuf BAŞER, ,AK Parti Yozgat Milletvekili & AK Parti Genel Merkez Seçim İşleri Başkan Yardımcısı,Wed Jan 25 12:55:54 +0000 2012,399,20234,7755,32
472330599,Chphalukkoc,HALUK KOÇ,ANKARA ,CHP SÖZCÜSÜ PROF.DR. HALUK KOÇ RESMİ TWİTTER SAYFASIDIR.,Mon Jan 23 20:56:08 +0000 2012,1227,183121,4523,384
472005562,Burhan_Kayaturk,Burhan Kayatürk,Ankara - Van,Van Milletvekili-TBMM Dışişleri Komisyonu Üyesi-Avrupa Konseyi Parlamenter Meclisi Türk Grubu Üyesi- TBMM Pakistan Dostluk Grubu Başkanı,Mon Jan 23 14:03:10 +0000 2012,518,51594,1676,1192
465035674,KadirKocdemir,Kadir Koçdemir,Bursa - Ankara ,"MHP Milletvekili Aday Adayı 
Dr., Vali, Yazar, Bursa Sevdalısı",Sun Jan 15 22:01:57 +0000 2012,56,3048,4006,24
463949208,berdanozturk,Berdan Öztürk,Ağrı/Agirî,"HDP Ağrı Milletvekili, Avukat/ Parézer",Sat Jan 14 17:22:52 +0000 2012,197,3041,274,162
462921513,samiltayyar27,Şamil Tayyar,Ankara Gaziantep,"Gazeteci, Yazar, Milletvekili. Görüşleri sadece kendini bağlar, her RT katıldığı anlamına gelmez.",Fri Jan 13 14:31:56 +0000 2012,988,630465,10385,11
459124953,faikoztrak,Faik Öztrak,Ankara,"CHP Tekirdağ Milletvekili, CHP Genel Başkan Yardımcısı, NATO Parlamenter Asamblesi(NATOPA) Ekonomi ve Güvenlik Komitesi Başkanı
http://t.co/uov4quoJry",Mon Jan 09 09:28:20 +0000 2012,238,20765,2412,62
456593549,orhanduzgun60,orhan düzgün,,CHP Tokat Milletvekili Dr.Orhan DÜZGÜN,Fri Jan 06 12:34:37 +0000 2012,1162,11381,1531,488
456475339,EMIN_CINAR,Emin ÇINAR,Çankaya/Ankara,25.Dönem MHP Kastamonu Milletvekili TBMM Katip Üyesi,Fri Jan 06 08:57:04 +0000 2012,12,2168,57,3
455176653,drsoysal,ERTUĞRUL SOYSAL,,25.Dönem Ak Parti Yozgat Milletvekili Göz Hastalıkları ve Cerrahisi Uzmanı. Atatürk Üniversitesi Tıp Fak. mezunu,Wed Jan 04 20:32:20 +0000 2012,631,16702,5983,18
449521238,uncuoglurecep,Recep Uncuoglu,,AK Parti Sakarya Milletvekili,Thu Dec 29 06:10:09 +0000 2011,69,4958,5303,5
446963213,ismetsu16,İsmet Su,Türkiye,"Av. İsmet SU 
AK Parti Bursa Milletvekili 
Anayasa Komisyon Sözcüsü",Mon Dec 26 10:27:45 +0000 2011,126,2291,275,3
445770014,cirkinoglu,Şefik Çirkin Mv.,MHP Hatay milletvekili,,Sat Dec 24 21:07:03 +0000 2011,1735,8372,4275,2023
443677181,UgurBayraktutan,Uğur Bayraktutan CHP,"Artvin, Ankara, TBMM ",Artvin Milletvekili | CHP Yüksek Disiplin Kurulu Başkanı | Anayasa Komisyonu Üyesi  |  TBMM KEİPA Üyesi,Thu Dec 22 12:26:54 +0000 2011,191,19756,8210,0
441836613,tanjuozcanchp,TANJU ÖZCAN BOLU MV.,,Cumhuriyet Halk Partisi Bolu Milletvekili,Tue Dec 20 13:30:10 +0000 2011,1534,19022,1600,67
440813977,mehmetonturk,mehmet öntürk,Türkiye Ankara,2023 yılı misyonuna katkı sağlıyabileceğime inancım tamdır.,Mon Dec 19 12:53:50 +0000 2011,95,1534,1349,2
431641369,merdogan_48,Mehmet Erdoğan,ANKARA,MHP MYK Üyesi - 24. ve 25. Dönem Muğla Milletvekili - #Muğla #MHP https://t.co/8ricBHKVTX,Thu Dec 08 14:30:34 +0000 2011,1238,16183,8022,209
429757435,MGGulsen,MustafaGökhan Gülşen,Türkiye,"24 ve 25. Dönem 
Ak Parti Kastamonu Milletvekili",Tue Dec 06 10:32:58 +0000 2011,758,6176,3508,621
425441195,profvedatbilgin,Vedat Bilgin,,"Prof. Dr. Vedat BİLGİN 
TBMM AK Parti Ankara Milletvekili, Başbakanlık Başdanışmanı, Milliyetçi-Demokrat, Akşam Gazetesi Yazarı.",Thu Dec 01 00:48:33 +0000 2011,60,4496,588,368
421870100,FigenYuksekdag,Figen Yüksekdağ,,Halkların Demokratik Partisi - HDP Eş Genel Başkanı,Sat Nov 26 14:00:18 +0000 2011,328,140354,2854,7
419654154,AvUnaldemirtas,ünal demirtaş ,,,Wed Nov 23 16:30:54 +0000 2011,71,124,8,1
417708633,DrSuatOnal,Suat Önal,Ankara,"Ak Parti Osmaniye Milletvekili, Makine Yüksek Mühendisi, İktisatçı",Mon Nov 21 08:39:33 +0000 2011,856,7235,2669,48
411395099,gulayyedekci,Gülay Yedekci,istanbul,"CHP, İstanbul Milletvekili.
Akademisyen, Mimar. Geleceğin Şehirleri ve Gelecek Mimarisi Konularında Çalışır.",Sun Nov 13 10:50:11 +0000 2011,538,6849,1969,245
408546169,KorayaydinMHP,Koray Aydın,,"MHP Trabzon Milletvekili,             
TBMM Başkanvekili,                               
Resmi Twitter Hesabı",Wed Nov 09 15:27:05 +0000 2011,151,120775,10305,650
405900155,IlknurInceoz,ilknur inceoz,,23. 24 ve 25.Donem Ak Parti Aksaray Milletvekili Ak parti grup baskanvekili.,Sat Nov 05 23:45:56 +0000 2011,603,4307,4273,27
405513581,E_SemihYalcin,Prof.Dr.Semih Yalçın,Ankara-Türkiye,"MHP istanbul Milletvekili, Genel Başkan Yardımcısı",Sat Nov 05 12:24:49 +0000 2011,70,36230,6022,13
398660560,ZihniAcba,Zihni Acba,,,Wed Oct 26 11:14:44 +0000 2011,63,544,160,0
398065977,togrularya,Mahmut TOĞRUL,Dilok-Antep,HDP Gaziantep Milletvekili - Kimya Profesörü - Mezopotamya Vakfı Genel Sekreteri - Barış Meclisi Üyesi - Dicle Üniversitesi Eğitim Sen Dönem Sözcüsü,Tue Oct 25 14:45:03 +0000 2011,196,3733,776,177
397412143,CengizTokmak,Cengiz Tokmak,,Ak Parti Sinop Milletvekili,Mon Oct 24 17:11:55 +0000 2011,342,1596,2198,12
397378836,metinbulut23,Metin BULUT,Elazığ,AK PARTİ ELAZIĞ MİLLETVEKİLİ,Mon Oct 24 16:18:34 +0000 2011,369,1361,556,73
393361245,ihsanozkes,İHSAN ÖZKES,,CHP İstanbul 1. Bölge Milletvekili ve Parti Meclisi Üyesi. İslam Konferansı Örgütü Parlamento Birliği Türk Grubu Üyesi. Emekli Müftü.,Tue Oct 18 12:29:25 +0000 2011,1517,49534,3656,85
392748400,cilem_oz,Çilem Öz,"Mersin, Türkiye",HDP Mersin Milletvekili,Mon Oct 17 14:25:25 +0000 2011,155,2205,114,13
390342611,dfikrisaglar,Fikri SAĞLAR,,"Siyasetçi ve Yazar , 
 49. 50 ve 52. Hükümetlerde Kültür Bakanı. 
          CHP Parti Meclisi Üyesi; 
          CHP MERSİN MV",Thu Oct 13 20:46:36 +0000 2011,123,43860,3774,25
387303168,Nesrin_ulema,Nesrin ULEMA,İzmir / Ankara,24.ve 25.Dönem AK Parti İzmir Milletvekili / AK Parti Genel Merkez Teşkilat Başkan Yardımcısı,Sat Oct 08 20:25:51 +0000 2011,338,7184,5659,224
387237461,n_kemal_zeybek,N.Kemal Zeybek,Ankara ,,Sat Oct 08 18:07:00 +0000 2011,1457,21981,2415,24
386241447,bulenttezcanchp,Bulent Tezcan,Ankara ,Chp Genel Başkan Yardımcısı Aydın  Milletvekili  Bülent Tezcan,Thu Oct 06 22:28:50 +0000 2011,386,46907,3046,22
385576286,PervinBuldan,Pervin BULDAN,,"HDP Grup Başkanvekili 
İstanbul Milletvekili",Wed Oct 05 18:59:11 +0000 2011,195,262002,3901,18
382051426,halukpeksen,Haluk Pekşen,Ankara,CHP Trabzon Milletvekili,Thu Sep 29 12:10:30 +0000 2011,164,6690,1209,59
381500709,CetinOsmanBudak,Çetin Osman Budak,,,Wed Sep 28 12:59:25 +0000 2011,413,7912,3963,685
381416280,MTanal,Mahmut Tanal,"İstanbul, Türkiye",TBMM İnsan Haklarını İnceleme Komisyonu Üyesi ve CHP İstanbul Milletvekili Av. Mahmut TANAL,Wed Sep 28 09:05:48 +0000 2011,2774,133915,21617,60
376611744,nevzatpalta,Nevzat Palta,,(2004-2014) Aksaray Belediye Başkanı - Ak Parti Aksaray Milletvekili,Tue Sep 20 05:53:56 +0000 2011,128,1988,3864,76
367967682,mustafabalbay,Mustafa BALBAY,Ankara,Cumhuriyet Gazetesi Yazarı - Cumhuriyet Halk Partisi İzmir Milletvekili - Resmi twitter hesabı,Sun Sep 04 21:25:05 +0000 2011,606,635802,5398,61
367377070,mithatsancarr,mithat sancar,,,Sat Sep 03 21:35:26 +0000 2011,704,96646,2969,747
364339889,uguraydemir45,Uğur Aydemir,Akhisar,Uğur Aydemir Resmi Twitter Hesabı 24.Dönem AK Parti Manisa Milletvekili 25.Dönem AK Parti Manisa Milletvekili,Mon Aug 29 16:17:54 +0000 2011,128,8202,1506,4
356710772,HuseyinSamani,Hüseyin Samani,"ANTALYA ,ANKARA",24.ve 25. dönem AK PARTİ ANTALYA MİLLETVEKİLİ(Member of Parliament for Antalya) Genel Merkez Teşkilat Başkan yardımcısı,Wed Aug 17 07:36:55 +0000 2011,1710,7160,6135,321
355727093,idrisbaluken,İdris BALUKEN,,HDP Grup Başkanvekili/Diyarbakır Milletvekili,Mon Aug 15 20:03:36 +0000 2011,120,120338,2755,40
355470147,scetinkaya40,Salih Çetinkaya ,Kırşehir Milletvekili,,Mon Aug 15 12:07:58 +0000 2011,823,2313,1829,99
353070098,drilkercitil,Mehmet İlker Çitil,KAHRAMANMARAŞ / AFŞİN,TBMM,Thu Aug 11 14:16:21 +0000 2011,114,972,752,44
351811652,KarakayaMevlut,Mevlüt KARAKAYA,Adana,"MHP Genel Başkan Yardımcısı, 25. Dönem ADANA Milletvekili (Prof. Dr.)",Tue Aug 09 19:25:28 +0000 2011,1478,42252,4085,1215
347075208,Seyit_TORUN,Seyit Torun,,CHP Ordu Milletvekili,Tue Aug 02 07:23:31 +0000 2011,351,11987,2793,32
343402258,CandanYceer,Candan Yüceer,TBMM,"CHP PM Üyesi, 24-25. Dönem Tekirdağ Milletvekili TBMM Kadın-Erkek Fırsat Eşitliği Komisyonu Üyesi CHP Kadın ve Çocuk Hakları Komisyonu Sözcüsü",Wed Jul 27 14:34:50 +0000 2011,848,28531,6464,259
340276050,Hakan_cavusoglu,Hakan Çavuşoğlu,Bursa,AK Parti Bursa Milletvekili,Fri Jul 22 12:45:53 +0000 2011,396,12865,2799,51
340235114,GBilgehan,Gülsün BİLGEHAN,Ankara,"CHP Parti Meclisi üyesi , CHP Ankara Milletvekili ve Avrupa Konseyi Parlamenter Meclisi Eşitlik ve Ayrımcılıkla Mücadele Komisyonu Başkanı",Fri Jul 22 10:57:03 +0000 2011,359,29660,1159,18
339775215,ahmet__yurdakul,Ahmet Selim Yurdakul,Ankara - Antalya,"MHP Genel Başkan Başdanışmanı, MHP MYK Üyesi, MHP Antalya Milletvekili.",Thu Jul 21 16:52:20 +0000 2011,354,3975,1878,49
338969642,musacam,Musa Çam,Türkiye,"CHP İzmir Milletvekili, Plan ve Bütçe Komisyonu Üyesi",Wed Jul 20 11:29:55 +0000 2011,1173,27172,9076,202
336463020,MazlumNurlu,Mazlum Nurlu,,"CHP Manisa Milletvekili
Avukat-Çiftçi",Sat Jul 16 10:09:51 +0000 2011,187,407,24,0
335840936,BKaraburun,Bennur KARABURUN,"Bursa, Türkiye",25.Dönem Ak Parti Bursa Milletvekili,Fri Jul 15 09:55:44 +0000 2011,53,851,252,0
332851831,SuayAlpay,Şuay Alpay,Elazığ - Ankara,25 . Dönem AK Parti Elazığ Milletvekili || AK Parti MKYK Üyesi || Hukukçu || Adalet Komisyonu Üyesi ||,Sun Jul 10 14:53:15 +0000 2011,229,4218,1872,434
325416444,EminHalukAyhan,Emin Haluk Ayhan,Ankara,Milliyetçi Hareket Partisi Genel Başkan Yardımcısı Denizli Milletvekili.,Tue Jun 28 07:54:47 +0000 2011,48,21262,269,13
322637532,ceyhunirgil,Ceyhun İrgil ,CHP Bursa Milletvekili,Umut kalacağına emek kalsın...     Hoşgörü ve vicdan eksenli yaşamaya çalışan bir dünyalı,Thu Jun 23 14:13:53 +0000 2011,1083,2117,2061,1194
320683311,DrRidvanTuran,Rıdvan Turan,,HDP Adana Milletvekili - Tıp Doktoru - Yazar - Bir de Ada'nın Babası,Mon Jun 20 10:26:47 +0000 2011,527,15027,3102,1
319307149,Ondermatli,Önder Matlı,,Twitter Takipçi Arttırma : http://t.co/OVrQLgYQ9P,Fri Jun 17 22:15:38 +0000 2011,1264,8691,896,60
315834648,TALHAEROLDURMAZ,DR.TALHA EROL DURMAZ,"Merkez, Erzincan","25.Dönem Erzincan AK Parti Milletvekili,Tıp Doktoru, Kişisel Resmi Hesabıdır.",Sun Jun 12 14:35:41 +0000 2011,12998,111562,248,268
311941597,MSTanrikulu,Sezgin Tanrıkulu,,"CHP İnsan Haklarından Sorumlu Genel Başkan Yardımcısı,İstanbul Milletvekili  mustafasezgin.tanrikulu@tbmm.gov.tr",Mon Jun 06 09:55:15 +0000 2011,2192,196188,4060,91
311115546,selvacam,Lütfiye Selva Çam,,"25.Dönem Ankara Milletvekili 
AK PARTİ",Sat Jun 04 22:42:24 +0000 2011,615,4552,6294,744
304942388,EToprakCHP,Erdoğan Toprak,Türkiye,İstanbul Milletvekili,Wed May 25 11:15:33 +0000 2011,1630,55670,7182,85
304932118,TugbaHezer,Tuğba Hezer,,HDP Van Milletvekili.,Wed May 25 10:46:20 +0000 2011,267,1895,249,72
302085096,ismetUcma,İsmet Uçma,TÜRKİYE,AK PARTİ İSTANBUL MİLLETVEKİLİ,Fri May 20 15:36:28 +0000 2011,143,2903,610,15
301644538,CanAnayasa,Osman Can,Istanbul / Ankara,"1920 Meclisi ve 1921 Anayasası, meclis ve anayasa tarihimizin yegane gurur tablosu. Bir daha neden olmasın?
***Facebook sayfam yoktur!!",Thu May 19 20:22:43 +0000 2011,156,95746,11879,9
300475562,niyazinefikara,Niyazi Nefi Kara,Antalya,Beyin ve Sinir Cerrahisi Uzmanı - CHP Antalya Milletvekili,Tue May 17 20:38:57 +0000 2011,346,1252,159,345
296398329,tulaykaynarca,Tülay Kaynarca,,İstanbul Milletvekili / AK Parti MKYK Üyesi / TBMM Kadın Erkek Fırsat Eşitliği Komisyonu Sözcüsü / Medya Tanıtım Başkan Yardımcısı,Tue May 10 17:56:37 +0000 2011,560,12142,8338,1348
296142504,FerhatEncu,ferhat encu,Roboski,"Roboskî... Katır sırtında taşınan ölüleri Unutursam Kalbim Kurusun
25. Dönem HDP Milletvekili",Tue May 10 08:20:56 +0000 2011,1897,58330,31000,1642
295314897,AydinliogluA,Ali AYDINLIOĞLU ,Ankara,24.DÖNEM BALIKESİR AK PARTİ MİLLETVEKİLİ.DİLEKÇE KOMİSYONU SÖZCÜSÜ,Sun May 08 19:41:03 +0000 2011,509,6012,1034,240
295049099,MuezzinogluDR,Mehmet Müezzinoğlu,Türkiye,T.C. Sağlık Bakanı / Tıp Doktoru,Sun May 08 08:19:37 +0000 2011,98,359120,4718,113
293604809,lalekarabiyik,Lale Karabıyık,Bursa,"CHP Bursa Milletvekili 
Prof. Dr. Lale Karabıyık http://t.co/sVjZtF38eV http://t.co/we1AnbQPoR",Thu May 05 17:00:44 +0000 2011,120,1218,108,1
293066613,mehmeteminilhan,Mehmet Emin İlhan,Hdp Ağrı Milletvekili,,Wed May 04 18:06:39 +0000 2011,290,1294,1004,122
291603419,A_Boynukalin,Abdurrahim,,,Mon May 02 09:23:31 +0000 2011,1476,51823,23963,2963
291368363,myeneroglu,Mustafa Yeneroğlu,"Istanbul, Bayburt, Köln ",@AkParti Istanbul Milletvekili,Sun May 01 22:02:49 +0000 2011,226,4891,7507,107
291028871,ayhanbilgen,ayhan bilgen,,,Sun May 01 10:49:25 +0000 2011,4617,55871,17392,138
290180076,MBekaroglu,Mehmet Bekaroğlu,İstanbul,CHP Genel Başkan Yardımcısı                       İstanbul Milletvekili                                                     http://t.co/o7vRLAVb2Y,Fri Apr 29 21:18:27 +0000 2011,466,156236,28593,39
287169431,haydarakar,Haydar Akar,,"CHP Kocaeli Milletvekili
TBMM Kit Komisyonu üyesi",Sun Apr 24 13:08:44 +0000 2011,360,12321,9950,162
286712900,safakpavey,şafak pavey,,CHP İstanbul Milletvekili http://t.co/HGdGQGg0aS,Sat Apr 23 15:03:20 +0000 2011,106,1242776,973,6
285505838,TulaySelamoglu,Tülay Selamoğlu,Ankara,"AK PARTi Ankara Milletvekili/Genel Merkez Kadın Kolları Başkan Yardımcısı,Yerel Yönetimler Başkanı/TBMM Bayındırlık, İmar, Ulaştırma ve Turizm Komisyonu Sözcüsü",Thu Apr 21 08:26:04 +0000 2011,1205,8017,6279,27
285270202,okagankoksal,Oğuz Kağan KÖKSAL,Kırıkkale,,Wed Apr 20 21:07:42 +0000 2011,0,884,3,0
285229125,profzuhaltopcu,Prof.Dr. Zühal TOPCU,Ankara,"Akademisyen, Siyasetçi, 2 çocuk annesi :) http://t.co/zJU1hdKaBd",Wed Apr 20 19:28:58 +0000 2011,477,55143,3154,120
285163948,DrCetinArik,Dr. Çetin Arık,"Kayseri, Türkiye",Cumhuriyet Halk Partisi 25. Dönem Kayseri Milletvekili,Wed Apr 20 17:01:42 +0000 2011,60,600,111,45
284920175,Yavuztemizer23,Yavuz TEMİZER,Ankara,,Wed Apr 20 06:12:18 +0000 2011,1172,2019,559,89
283709733,vedatdemiroz,Vedat Demiröz,Türkiye,"Adalet ve Kalkınma Partisi 24.ve 25. Dönem Bitlis Milletvekili, Plan ve Bütçe Komisyonu Sözcüsü",Sun Apr 17 21:22:45 +0000 2011,141,10998,1607,230
283080153,ZeybekciNihat,Nihat Zeybekci,,Türkiye Cumhuriyeti Ekonomi Bakanı / Resmi twitter hesabı,Sat Apr 16 14:48:52 +0000 2011,431,203193,7965,65
283070704,erdemekrem,Ekrem ERDEM,Ankara,"Adalet ve Kalkınma Partisi Genel Başkan Yardımcısı, Türkiye Dil ve Edebiyat Derneği (TDED) Genel Başkanı",Sat Apr 16 14:25:23 +0000 2011,238,25465,1993,18
282066211,oguzksalici,Oğuz Kaan Salıcı,İstanbul,CHP İstanbul 1.Bölge Milletvekili Önseçim Adayı ||| Aday Sıra No:159,Thu Apr 14 13:46:32 +0000 2011,147,39000,3109,6
281718160,namikhavutca,Namık HAVUTÇA,Balıkesir,CHP Balıkesir Milletvekili,Wed Apr 13 20:48:18 +0000 2011,413,8677,4445,66
281659000,hsyk35,Hüseyin Kocabıyık,İzmir,"AK Parti İzmir Milletvekili
http://t.co/LzUmKyQKms http://t.co/b4mOegtrfb",Wed Apr 13 18:20:21 +0000 2011,334,5509,2258,245
281656898,BelmaSatir,Mihrimah Belma Satır,,AK Parti İstanbul Milletvekili,Wed Apr 13 18:15:05 +0000 2011,613,49137,4950,20
281020745,HBTurkoglu,Hacı Bayram TÜRKOĞLU,HATAY,AK Parti Hatay Milletvekili Hacı Bayram Türkoğlu'nun Resmi Hesabıdır,Tue Apr 12 13:30:04 +0000 2011,1178,14573,6324,66
280946235,ekurkcuHDP,Ertuğrul Kürkçü,"İzmir, Ankara, İstanbul","İzmir Milletvekili,",Tue Apr 12 10:06:12 +0000 2011,635,259565,10236,68
280696919,israfilkisla,İsrafil KIŞLA,Artvin,"AK PARTİ ARTVİN Milletvekili - AK PARTİ Halkla İlişkiler Başkan Yardımcısı - Milli Eğitim, Kültür, Gençlik ve Spor Komisyonu Üyesi",Mon Apr 11 21:32:11 +0000 2011,335,8167,2162,90
280660563,erolkaya_ist,Erol Kaya,İstanbul / Ankara,AK Parti İstanbul Milletvekili http://t.co/Dkf2PSUHD1 http://t.co/EImQZnZPZx,Mon Apr 11 19:52:12 +0000 2011,632,51110,3745,14
279126844,drmusbaloglu,DR.MUSTAFA BALOĞLU,Deputy of Konya,"AK PARTİ KONYA MİLLETVEKİLİ, , GENEL MERKEZ TEŞKİLAT BAŞKAN YARDIMCISI",Fri Apr 08 16:53:07 +0000 2011,199,5877,549,13
276958992,selcukozdag,Selçuk ÖZDAĞ,,"AK Parti Manisa Milletvekili - Akademisyen (Doç.Dr.) -  Yazdıklarım beni bağlar, retweet yaptıklarım ise her koşulda içeriğine katıldığım anlamına gelmez.",Mon Apr 04 12:34:11 +0000 2011,1070,21422,9002,4153
273502085,aytugatici,Aytuğ ATICI,Mersin-Ankara,CHP Mersin Milletvekili,Mon Mar 28 16:26:15 +0000 2011,1735,10440,6204,9
272578129,avtufanKose,Tufan Köse,Ankara,"Avukat, Ankara Üniversitesi.CHP Çorum Milletvekili, İnsan Hakları Komisyonu Üyesi, TBMM. CHP Yüksek Disiplin Kurulu Üyesi.",Sat Mar 26 19:55:59 +0000 2011,750,10110,1051,178
270948276,LeventTuzel,A. Levent Tüzel,İstanbul,"Emek Partisi (EMEP)
Eski Genel Başkanı,
Halkların Demokratik Partisi (HDP)
İstanbul Milletvekili 
http://t.co/saltPZ7VVi  http://t.co/nc8bYK2Tab",Wed Mar 23 15:16:44 +0000 2011,652,80143,1332,49
270801269,gokcenenc07,Gökcen Özdogan Enç,,24.-25.Dönem Antalya M.v/AK Parti Grup Yön.Kur.Üyesi.-Gen.Merk.Halkla İlişkiler Başkan Yrd.,Wed Mar 23 08:24:11 +0000 2011,450,18736,10461,624
269839336,beratconkar,Ahmet Berat Çonkar,"Ankara, Turkey","TBMM Dışişleri Komisyonu Başkanı, AK Parti İstanbul Milletvekili,Chairman of Foreign Affairs Committee, Member of Parliament,Türkiye-Kolombiya Dostluk Grp. Bşk.",Mon Mar 21 14:58:09 +0000 2011,646,22470,6409,324
268968562,AliErcoskun,Ali Ercoşkun,"Bolu, Türkiye",Adalet ve Kalkınma Partisi Bolu Milletvekili,Sat Mar 19 21:04:05 +0000 2011,324,5803,3172,43
268950955,ATuncayOzkan,Tuncay ÖZKAN,İzmir,CHP İzmir Milletvekili - Parti Meclisi Üyesi http://t.co/HdzPF4l0SB http://t.co/nevjUJuJ7Q,Sat Mar 19 20:16:46 +0000 2011,688,456057,13718,115
268192154,tahsintarhan,Tahsin Tarhan,Kocaeli,CHP Kocaeli Milletvekili.,Fri Mar 18 09:33:54 +0000 2011,114,2232,2308,299
266465955,EmreKoprulu,Emre KÖPRÜLÜ,,"CHP Tekirdağ Milletvekili /
TBMM Başkanlık Divanı Üyesi",Tue Mar 15 08:20:32 +0000 2011,590,13372,4017,36
264907328,drhasansert,Dr. Hasan SERT,Turkey/İstanbul,Ak Parti İstanbul Milletvekili,Sat Mar 12 17:13:57 +0000 2011,166,12082,751,4
264789274,_DidemEngin,Didem Engin,Istanbul,CHP Istanbul Milletvekili,Sat Mar 12 13:21:31 +0000 2011,728,4932,548,56
264708131,seyfettinyilmaz,Seyfettin YILMAZ,Adana,TBMM MHP Adana Milletvekili,Sat Mar 12 09:56:34 +0000 2011,263,75149,7103,28
264422961,nurettin_demir,Nurettin Demir,Muğla,"CHP Muğla Milletvekili, Prof. Dr., Muğla Üniversitesi Tıp Fakültesi Kurucu Dekanı",Fri Mar 11 21:59:40 +0000 2011,491,12870,11133,254
264376078,mlbaydar,Metin Lütfi BAYDAR,Türkiye,Cumhuriyet Halk Partisi Aydın Milletvekili,Fri Mar 11 20:15:32 +0000 2011,4213,11400,3836,7
263830566,haliletyemez,Halil Etyemez,Ankara,"AK Parti Konya Milletvekili, ÇSGB Eski Bakan Yardımcısı",Thu Mar 10 20:39:50 +0000 2011,670,22098,3888,148
262063267,aykuterdogdu,Aykut Erdoğdu,,"CHP İstanbul Milletvekili, Atatürkçü, Sosyal Demokrat, Yolsuzlukla ve Emperyalizmle Mücadele Ediyor",Mon Mar 07 08:06:53 +0000 2011,826,205754,15922,915
260706834,f_kiyiklik,Feyzullah KIYIKLIK,,AK Parti 25. Dönem İstanbul Milletvekili resmi twitter hesabı,Fri Mar 04 12:33:42 +0000 2011,1139,36358,685,1
259981505,aygunzeki,Zeki Aygün,Ak Parti Kocaeli Milletvekili,,Thu Mar 03 00:06:01 +0000 2011,1417,6379,1844,44
258356021,seferaycan,Prof.Dr. Sefer Aycan,Ankara,MHP Kahramanmaraş Milletvekili https://t.co/j5Zreq0pz8,Sun Feb 27 14:53:01 +0000 2011,65,890,686,3
258097015,eskoca26,Salih KOCA,Eskişehir,Eskişehir Milletvekili Plan Bütçe Komisyonu ve AK Parti Grup Yönetim Kurulu üyesi,Sat Feb 26 23:37:55 +0000 2011,878,18584,5033,18
257406853,Feleknasuca,Feleknas Uca,Diyarbakır -Amed,HDP Diyarbakır Milletvekili Feleknas UCA'nın resmi twitter hesabıdır                Hesaba fermî ya twitterê ya parlamentera HDP’ê ya Amed'ê ya Feleknas UCA'ye.,Fri Feb 25 10:35:35 +0000 2011,1354,71341,12865,5093
254928303,ilyasseker41,İlyas Şeker,,"Harita Kad.Yük. Müh. Ak Parti Gen.Mrk.Yerel Yön.Bşk.Yrd. 
Kocaeli 24. ve 25. dönem Milletvekili",Sun Feb 20 08:58:23 +0000 2011,449,9156,13593,34
254705694,AliUzunirmak,Ali Uzunırmak,,MHP Aydın Milletvekili - TBMM İdare Amiri,Sat Feb 19 20:50:41 +0000 2011,311,21459,2932,122
253916849,ALAKYILDIZ,ALİ AKYILDIZ,Sivas/Türkiye,,Fri Feb 18 06:50:56 +0000 2011,253,166,26,0
251971322,emrullahisler,Emrullah İŞLER,,AK PARTİ Ankara Milletvekili,Mon Feb 14 06:15:27 +0000 2011,300,267914,2955,7
249119981,hilmiyarayici,Hilmi Yarayıcı,,CHP Hatay Milletvekili,Tue Feb 08 12:09:40 +0000 2011,946,27485,7639,125
248658684,recep_konuk,Recep Konuk,Karaman,Ak Parti Karaman Milletvekili,Mon Feb 07 13:17:36 +0000 2011,19,3721,1461,241
247206480,celilgocer,Celil Göçer,,Prof. Dr. Celil GÖÇER,Fri Feb 04 09:33:03 +0000 2011,176,1644,491,0
245921099,avhamzadag,HAMZA DAĞ,,Avukat / AK PARTİ MKYK Üyesi ve İzmir Milletvekili,Tue Feb 01 19:07:09 +0000 2011,209,28866,5918,121
245511816,erdinbircan,Erdin Bircan,Edirne,CHP Edirne Milletvekili Erdin Bircan,Mon Jan 31 21:29:10 +0000 2011,160,657,933,14
244107189,CK_Samsun,Çiğdem KARAASLAN,,"25.Dönem Samsun Milletvekili & Ak Parti MKYK üyesi & G.M Sosyal İşler Baskan Yardimcisi & Kentsel Tasarımcı 
http://t.co/GhzdRC9wP3",Fri Jan 28 14:48:51 +0000 2011,41,3220,616,15
243146462,huseyinsahinnet,Hüseyin Şahin,Bursa/Ankara,AKPARTi Bursa Milletvekili Plan ve Bütce Komisyonu uyesi,Wed Jan 26 12:04:17 +0000 2011,1174,28350,7886,72
240601558,erenerdemnet,Eren Erdem,İstanbul,CHP İstanbul Milletvekili,Thu Jan 20 08:59:39 +0000 2011,3147,238876,37026,5644
237765532,volkan_bozkir,Volkan Bozkir,Ankara/İstanbul,AB Bakanı ve Başmüzakereci -Ak Parti İstanbul Milletvekili -Büyükelçi/ Minister for EU Affairs & Chief Negotiator-Member of Parliament-Ambassador,Thu Jan 13 15:44:48 +0000 2011,291,73446,11950,12
237120499,idrisgulluce,İdris Güllüce,"Ankara, Türkiye",~~~T.C ÇEVRE VE ŞEHİRCİLİK BAKANI~~~ İstanbul Milletvekili,Wed Jan 12 03:39:42 +0000 2011,425,195600,6350,15
235707057,alikenanoglu,Ali Kenanoğlu,,HDP İstanbul Milletvekili,Sat Jan 08 22:15:15 +0000 2011,764,12356,16850,1326
234356692,yusufhalacoglu,Yusuf Halaçoğlu,#Kayseri #Ankara,MHP Kayseri Milletvekili. Türk Tarih Kurumu Eski Başkanı,Wed Jan 05 13:17:13 +0000 2011,130,237875,2456,11
233247340,ytezcan33,Doç Dr Yılmaz Tezcan,AK PARTİ Mersin Milletvekili,Doç.Dr.''Kanser'' ve Sosyal alanda ''Dünya gidişatı'' ile ve Mersin'le ilgileniyor...Mersin Sevdalısı,Sun Jan 02 18:42:31 +0000 2011,287,1137,672,53
232134649,halisdalkilic,HALİS DALKILIÇ,,"Ey Rabbim!
Girecegim yere sıdk ile girmemi
Ve çıkarken sıdk ile çıkmamı dile!
Ve senin katından yardım edici
Bir güçle beni destekle!..",Thu Dec 30 09:50:51 +0000 2010,730,22398,6181,710
230166314,VeysiKaynak,Veysi KAYNAK,,"İÜHF 85,Avukat,1989-99 Kahramanmaraş Bld.Bşkvekili,1999 Bld.Başkanı,2002-07 AKParti İl Bşk,23.Dönem AKParti Kahramanmaraş Milletvekili,Adalet Bakan Yardımcısı.",Fri Dec 24 13:31:12 +0000 2010,672,67824,556,141
230119360,saffetsancakli,Saffet SANCAKLI,Kocaeli,"Eski Milli Futbolcu, MHP MYK Üyesi,25.Dönem MHP Kocaeli Milletvekili",Fri Dec 24 09:54:49 +0000 2010,2319,65391,3301,8
229637054,oznurcalik,Öznur Çalık,,"AK Parti Genel Başkan Yardımcısı - 
23.24. ve 25. Dönem AK Parti Malatya Milletvekili - TBMM Nüfus Kalkınma Grubu Başkanı",Wed Dec 22 22:54:39 +0000 2010,381,80104,6914,478
229515050,eczozgurozel,Özgür Özel,Türkiye / Ankara - Manisa,"Manisa 74, BAL, Ege Eczacılık, Manisa Ecz.Odası Başkanı,TEB Genel Sekreteri, 24.ve 25.Dönem Manisa Milletvekili, CHP GRUP BAŞKANVEKİLİ 
Facebook /CHPMVozgurozel",Wed Dec 22 16:09:23 +0000 2010,533,90564,14051,145
228446708,aysekesir,Ayşe Keşir,"Düzce, Ankara, Türkiye",25. Dönem AK Parti Düzce Milletvekili,Sun Dec 19 19:02:53 +0000 2010,804,9675,23331,333
228163594,hivda21,Sibel Yiğitalp,Amed,HDP Amed Milletvekili Sibel Yiğitalp'in resmi Twitter hesabıdır,Sat Dec 18 22:38:36 +0000 2010,485,2284,906,173
226685119,mahirunal,Mahir Ünal,Kahramanmaraş-Ankara,"Kahramanmaraş Milletvekili, TBMM AK Parti Grup Başkanvekili",Tue Dec 14 20:19:21 +0000 2010,979,107009,2264,2
226533874,halileldemir,Halil Eldemir,Türkiye,AK PARTİ Bilecik Milletvekili,Tue Dec 14 12:06:13 +0000 2010,98,914,1151,5
226219898,AylinNazliaka,Aylin Nazlıaka,Ankara,CHP Ankara Milletvekili,Mon Dec 13 16:42:16 +0000 2010,606,223013,12722,927
226219067,MustafaSentop,Mustafa Şentop,,AK Parti Genel Başkan Yardımcısı / İstanbul Milletvekili,Mon Dec 13 16:39:43 +0000 2010,433,134920,2672,2
225504722,mehmetgunal07,Mehmet Günal,TBMM Plan ve Bütçe Komis. Üye,"MHP Antalya Milletvekili, Doç. Dr.",Sat Dec 11 18:47:12 +0000 2010,175,2462,184,19
224609329,hdpdemirtas,Selahattin Demirtaş,,,Thu Dec 09 12:21:24 +0000 2010,995,866643,1212,1
222959975,bkusoglu,Bülent Kuşoğlu,Ankara,CHP Ankara Milletvekili,Sat Dec 04 23:53:02 +0000 2010,1089,17334,2634,171
221790511,enginozkoc,Engin Özkoç,Sakarya,"CHP PM Üyesi,Sakarya Milletvekili - TBMM Milli Eğitim, Kültür, Gençlik ve Spor Komisyonu Üyesi",Wed Dec 01 16:31:25 +0000 2010,1205,11963,1962,55
221539959,mehmetsadikatay,Mehmet Sadık ATAY,Ak Parti Aydın Milletvekili,"Uzun ince bir yoldayım. Gidiyorum gündüz gece. Bilmiyorum ne haldeyim , gidiyorum gündüz gece...",Tue Nov 30 23:04:03 +0000 2010,352,2873,7810,1262
220359152,Bullentoz,Bulent OZ,Çanakkale,CHP Çanakkale Milletvekili,Sat Nov 27 15:11:03 +0000 2010,418,1084,1640,55
219982547,gaytancioglu,Okan GAYTANCIOĞLU,Edirne,CHP Edirne Milletvekili / Doç.Dr. Ziraat Fakültesi- Tarım Ekonomisi,Fri Nov 26 12:54:28 +0000 2010,234,1109,281,2
219835068,alevdedegil,Alev DEDEGİL,TBMM / Ankara-İstanbul,AK Parti İstanbul Milletvekili,Fri Nov 26 00:57:28 +0000 2010,1,3371,0,0
218424102,aliihsanyavuz54,Ali ihsan YAVUZ,,"AK Parti Genel Merkez Seçim İşl.Başk.Yard., Adalet Komisyonu Üyesi, Sakarya Milletvekili, Avukat",Mon Nov 22 09:22:50 +0000 2010,434,18610,10595,37
216656351,sirsureyya,Sırrı Süreyya Önder,"Ankara, Türkiye",25. Dönem HDP Ankara Milletvekili,Wed Nov 17 11:12:02 +0000 2010,68,992284,489,3
216471007,GayeUsluer,Prof Dr Gaye Usluer.,TURKEY,25. Dönem CHP Eskişehir Milletvekili  ve Parti Meclisi Üyesi,Tue Nov 16 20:34:06 +0000 2010,676,19947,11418,1602
216106605,nejatkocer,Nejat Koçer,,Gaziantep Milletvekili & Ak Parti Ekonomi İşleri Başkan Yrd.,Mon Nov 15 20:29:38 +0000 2010,573,63528,9310,26
215809146,gokdagantep,mehmet gökdağ,,,Sun Nov 14 23:53:49 +0000 2010,233,371,35,2
214930248,umitozdag,Prof. Dr. Ümit Özdağ,"Ankara, Türkiye",MHP Gaziantep Milletvekili - 21.YY Türkiye Enstitüsü Başkanı - 21.YY Dergisi Editörü,Fri Nov 12 15:45:35 +0000 2010,636,225766,20444,112
214856284,draliseker,Ali Şeker,İSTANBUL,CHP İstanbul Milletvekili. Genel Cerrahi Uzmanı.,Fri Nov 12 11:58:22 +0000 2010,1716,2571,1833,256
214606524,mehmetparsak,Mehmet PARSAK,"Afyonkarahisar, Türkiye","MHP Afyonkarahisar Milletvekili, MHP Merkez Yönetim Kurulu Üyesi, Türk Akademisi Siyasi ve Sosyal Araştırmalar Vakfı Başkanvekili.",Thu Nov 11 20:17:00 +0000 2010,767,16374,4657,887
214128414,Adursun15,Alparslan Dursun,Bucak/Burdur,25.Dönem Milliyetçi Hareket Partisi Burdur Milletvekili,Wed Nov 10 16:52:04 +0000 2010,1723,2269,1221,220
214017108,dbdevletbahceli,Devlet Bahçeli,Türkiye - Ankara,Milliyetçi Hareket Partisi Genel Başkanı,Wed Nov 10 10:46:18 +0000 2010,0,1747345,2593,0
213298580,tacettinbayir,Tacettin BAYIR,İzmir / TÜRKİYE,CHP İzmir Milletvekili                                 CHP İZMİR İl Eski Başkanı,Mon Nov 08 14:59:07 +0000 2010,558,1731,180,34
210901544,haozdemir,Hacı Ahmet ÖZDEMIR ,,25. Dönem Ak Parti Konya Milletvekili,Mon Nov 01 18:51:53 +0000 2010,835,915,1599,120
207085169,mehmedmus,Dr. Mehmet Muş,İstanbul,AK Parti İstanbul Milletvekili - Genel Başkan Yardımcısı - Ekonomi İşleri Başkanı,Sun Oct 24 13:45:58 +0000 2010,580,34528,4138,178
205766654,CahitBagci,Cahit Bağcı,TBMM,"Sosyolog, AKPARTİ 23. 24. ve 25. Dönem Çorum Mlv./ 
Sociologist, MP, Justice & Development Party, Ankara TURKEY",Thu Oct 21 15:20:40 +0000 2010,356,12801,6531,629
203578664,Ziverozdemir,Ziver ozdemir,Batman &Ankara,AKPARTİ Batman Milletvekili KİT Komisyonu Başkan Vekili-İnsan Hakları inceleme Komisyon Üyesi,Sat Oct 16 16:06:56 +0000 2010,607,10104,2986,20
203448605,ugur_isilak,Uğur Işılak,Istanbul,Ak Parti İstanbul Milletvekili ugur.isilak@tbmm.gov.tr / isilaktwitter@gmail.com http://t.co/lwQ5UWf9A9,Sat Oct 16 08:50:28 +0000 2010,241,402868,3011,277
202101981,halilurun,Halil Urun,,"Adalet ve Kalkınma Partisi Afyonkarahisar Milletvekili,                                                                     TBMM Dilekçe Komisyonu Başkanvekili",Wed Oct 13 09:09:02 +0000 2010,734,6994,1446,24
201339405,turanbulent,BÜLENT TURAN,,"Hukukçu / http://t.co/W1oUhGZZar 
Ak Parti Çanakkale Mv",Mon Oct 11 16:47:34 +0000 2010,470,56803,9668,5467
187641987,ilhancihaner,İlhan Cihaner,,,Mon Sep 06 19:48:42 +0000 2010,1114,225785,2813,1
185660474,huseyinedis,Huseyin Edis,Ankara,"SAYIŞTAY UzmanDenetçisi(Court of Accounts),  eBTK Telekomünikasyon Kurumu) Üyesi 2. Başkanı. Ankara Bafder kurucu Başkanı. Samsun 25. Dönem Milletvekili",Wed Sep 01 14:44:10 +0000 2010,588,308,459,4
185376138,yaktay,Yasin Aktay,Ankara,"AK Parti Genel Başkan Yardımcısı, Dış İlişkiler, Deputy Chairman, Foreign Affairs,
Yıldırım Beyazıt Ün., Sosyoloji Böl.",Tue Aug 31 21:03:23 +0000 2010,632,121301,13632,60
183979676,MSErdinc,Mehmet Şükrü ERDİNÇ,Adana-Ankara,AK Parti Adana Milletvekili. Member of Parliament from AK Party,Sat Aug 28 11:10:21 +0000 2010,461,26007,5000,413
183665035,memetsimsek,Mehmet Simsek,"Ankara, Turkey",TC Maliye Bakanı - Minister of Finance,Fri Aug 27 15:40:59 +0000 2010,484,1279035,19108,3124
182317200,vekilince,Muharrem İNCE,,"CHP Yalova Milletvekili, muharrem.ince@tbmm.gov.tr Tepeden Tırnağa Cesaret Her şey Türkiye'yi Sevmekten İbaret...",Tue Aug 24 09:45:52 +0000 2010,1692,1743943,11423,63
181567076,Ahmet_Davutoglu,Ahmet Davutoğlu,Ankara,Türkiye Cumhuriyeti Başbakanı -  Adalet ve Kalkınma Partisi Genel Başkanı,Sun Aug 22 14:36:03 +0000 2010,82,3146580,1596,8
179970633,drsgonen,Dr.Sait Gönen,Ankara-Turkey,Prof.Dr.Mustafa Sait Gonen 25.Dönem Konya Miletvekili. Endokrinoloji ve Metabolizma Hast.Uzmanı,Wed Aug 18 14:45:41 +0000 2010,381,1419,1447,3236
179937764,TuranYALDIR,Turan YALDIR,Aksaray - Ankara,MHP Aksaray Milletvekili & MYK Üyesi • İş Adamı • Evli • İki Kız Babası • 0312 420 60 26 • 0505 777 00 68 • TBMM Oda NO: Z055 • turan.yaldir@tbmm.gov.tr,Wed Aug 18 13:10:04 +0000 2010,648,53354,1006,150
179453842,ishakgazel,İshak Gazel,Kütahya,AK Parti Kütahya Milletvekili,Tue Aug 17 09:45:23 +0000 2010,664,2129,4535,288
177542328,tbcelik,Burcu Çelik Özkan,Muş Ankara İstanbul ,25. Dönem HDP Muş Milletvekili,Thu Aug 12 12:10:09 +0000 2010,252,3672,1164,452
176112830,ResatPetek,Reşat Petek,Burdur,AK Parti Burdur Milletvekili,Sun Aug 08 16:08:55 +0000 2010,1039,18369,7952,160
173734836,baydemirosman,osman baydemir,,"Barış özgürlükle gelir, adaletle korunur. Özgürlüğe , barışa, adalete inanır.",Mon Aug 02 06:27:59 +0000 2010,1592,455687,4219,24
169172894,turyildizbicer,Tur Yıldız Biçer,Manisa,Cumhuriyet Halk Partisi Manisa Milletvekili,Wed Jul 21 18:34:47 +0000 2010,144,1014,292,62
167788521,Ziyaroni,Ziya Çalışkan,,HDP Urfa Milletvekili,Sat Jul 17 14:22:20 +0000 2010,158,1441,230,16
167759855,ruhsardemirel,Ruhsar Demirel,Eskişehir,Eskişehir Milletvekili - MHP Genel Başkan Yardımcısı,Sat Jul 17 12:36:24 +0000 2010,427,43480,6361,10
167469408,_ibrahimaydemir,İbrahim Aydemir ,AK PARTİ ERZURUM MİLLETVEKİLİ,Hoşça bak zâtına kim zübde-i âlemsin sen / merdüm-i dîde-i ekvân olan âdemsin sen / ŞEYH GALİP,Fri Jul 16 17:33:16 +0000 2010,512,9758,1348,211
166091210,Av_Burcu03,BURCU KÖKSAL,,"Avukat,Chp Afyonkarahisar Milletvekili,Çydd Afyonkarahisar Şubesi yönetim kurulu üyesi,Afyonkarahisar barosu Kadın ve Çocuk Hakları komisyon üyesi...",Tue Jul 13 08:56:24 +0000 2010,403,623,102,29
163020501,gurseltekin34,Gürsel Tekin,İstanbul - Ankara,CHP Genel Sekreteri ve İstanbul Milletvekili Gürsel Tekin’in resmi hesabıdır. http://t.co/bwI270mngr  http://t.co/L0d0zLhip4 http://t.co/athFsUIthj,Mon Jul 05 09:53:59 +0000 2010,2156,551412,3797,23
157927226,oktayvural,Oktay Vural,Resmi Twitter Hesabı,"İzmir Milletvekili
Milliyetçi Hareket Partisi Grup Başkanvekili",Mon Jun 21 08:02:02 +0000 2010,7,661452,11282,36
155534196,abdulhamitgul,Abdulhamit Gül,Avukat- ANKARA,"Ak Parti Genel Başkan Yardımcısı - Yerel Yönetimler Başkanı http://t.co/dhRHppb9kn 
http://t.co/cjKMbqcBD5 http://t.co/l0BTlzLtJq",Mon Jun 14 11:55:39 +0000 2010,1080,50577,10986,652
154993645,necdetunuvar,Necdet Ünüvar,Adana-Ankara,"AK PARTi Adana Milletvekili / TBMM Sağlık, Aile, Çalışma ve Sosyal İşler Komisyonu Başkanı / Türkiye-Azerbaycan Parlamentolararası Dostluk Grubu Başkanı",Sat Jun 12 20:28:31 +0000 2010,644,65640,12440,296
154157629,sencerayata,Sencer Ayata,Ankara,"CHP Genel Başkan Yardımcısı, 
CHP İstanbul Milletvekili Adayı,
CHP Araştırma, Bilim ve Yönetim Platformu Başkanı",Thu Jun 10 14:39:16 +0000 2010,207,26320,386,26
154140901,kilicdarogluk,Kemal Kılıçdaroğlu,"Ankara,Türkiye","Cumhuriyet Halk Partisi Genel Başkanı

http://t.co/NfO0N0DY2n

 http://t.co/XBvuQcZuD8",Thu Jun 10 13:42:34 +0000 2010,9926,3048688,2383,0
150368622,cemalokanyuksel,Cemal Okan Yüksel,Eskişehir,CUMHURİYET HALK PARTİSİ ESKİŞEHİR MİLLETVEKİLİ,Mon May 31 19:22:21 +0000 2010,1060,5160,1626,103
149044403,VeyselEroglu,Veysel Eroğlu,Ankara,"Orman ve Su İşleri Bakanı

-Minister of Forestry and Water Affairs-

http://t.co/zk1Kxw3Owg  http://t.co/zVbOrlbrEX",Fri May 28 07:56:18 +0000 2010,398,394758,20925,931
145683544,mdurmusoglu,Mücahit Durmuşoğlu,"Osmaniye, Ankara, Turkiye","TBMM Başkanlık Divanı Katip Üyesi, AK Parti Osmaniye Milletvekili; 1965 Kadirli doğumlu, evli ve 3 çocuk babası.",Wed May 19 16:18:33 +0000 2010,992,1890,707,225
145254257,ABabuscu,Aziz Babuşcu,İstanbul,AK Parti İstanbul Milletvekili,Tue May 18 14:04:51 +0000 2010,328,187518,3676,1
144798984,hasanbasrikurt,Hasan Basri KURT,,Akparti Samsun Milletvekili,Mon May 17 09:54:43 +0000 2010,287,814,753,83
124147545,Murat_Alparslan,Murat Alparslan,"Ankara, Türkiye",Ankara Milletvekili,Thu Mar 18 12:08:47 +0000 2010,219,23763,2199,7
121052401,ilhankesici,ilhan Kesici,istanbul-Turkiye,"İstanbul Milletvekili (CHP), Devlet Planlama Teskilati Mustesari (E) ilhankesici@ilhankesici.org",Mon Mar 08 09:21:33 +0000 2010,17379,36306,234,3
118651108,AlimISIK,Prof.Dr. Alim IŞIK,TBMM B Blok Ankara,#MHP #Kütahya Milletvekili.,Mon Mar 01 10:23:53 +0000 2010,22659,58085,13190,92
115216315,yilmaztunc,Yılmaz TUNÇ,ANKARA-Bartın,"23-24-25.Dönem AK Parti Bartın Milletvekili, 
TBMM Adalet Komisyonu Sözcüsü, 
Grup Yönetim Kurulu Üyesi, 
Siyasi ve Hukuki İşler Bşk.Yrd.",Thu Feb 18 00:15:09 +0000 2010,1039,32711,10801,6210
106720937,zeynabelle,zeynep altıok akatlı,,"wine, good food, travel, write, read, enjoy the ride",Wed Jan 20 13:57:51 +0000 2010,725,47585,46799,2343
104661012,ziyapir,Ziya Pir,facebook.com/ziyapirhdp,"25. Dönem HDP Amed Milletvekili.       

 
doğruyu söyleyenin başı dertte olurmuş.. olsun, haysiyetsiz olmaktan iyidir.",Thu Jan 14 00:48:19 +0000 2010,370,9439,984,226
101692365,nurhayataltaca,Nurhayat Altaca,,"Avukat, CHP Bursa Milletvekili",Mon Jan 04 07:33:30 +0000 2010,773,1117,769,250
100936989,mazharbagli,Mazhar Bağlı,Şanlıurfa-Ruha,"AK Parti MKYK Üyesi, Prof. Dr., AK Parti Şanlıurfa Milletvekili",Fri Jan 01 08:33:48 +0000 2010,642,31990,23396,269
100341775,aysesula,AYŞE SULA KÖSEOĞLU,TRABZON,"25. Dönem AK PARTİ Trabzon Milletvekili Avukat, Siyasetçi, Sivil Toplumcu, Muhafazakâr Demokrat ve Trabzonsporlu..",Tue Dec 29 22:57:31 +0000 2009,355,3421,7145,3009
99601927,sadullahkisacik,Sadullah Kısacık,Adana-Ankara,"AK Parti Adana Milletvekili, Endüstri Yüksek Mühendisi, Yönetim Uzmanı,  Başarılı Yöneticiliğin Yol Haritası Kitabının Yazarı.",Sun Dec 27 00:17:58 +0000 2009,321,3337,2655,958
98080974,veliagbaba,Veli AĞBABA,Malatya,"CHP Genel Başkan Yardımcısı, Malatya Milletvekili, TBMM İnsan Haklarını İnceleme Kom. Üyesi, CHP Cezaevi Kom. Sözcüsü ,",Sun Dec 20 08:17:11 +0000 2009,1147,83616,15779,709
97679847,kamilsindir,Kamil Okyay SINDIR,Bornova,CHP İzmir Milletvekili -  Prof.Dr. - 2009-2014 Dönem Bornova Belediye Başkanı,Fri Dec 18 14:39:36 +0000 2009,1279,3855,382,127
96996787,m_akaydin,MUSTAFA AKAYDIN,Antalya,CHP Antalya Milletvekili,Tue Dec 15 15:02:16 +0000 2009,270,55081,4092,208
96839957,adnangunnar,Dr. Adnan GÜNNAR,Trabzon,AK Parti Trabzon Milletvekili,Mon Dec 14 21:01:18 +0000 2009,278,2987,5255,44
94366694,selamiozyasar,selami özyaşar,,Halkların Demokratik Partisi Wan Milletvekili /Bavê Arya û Arîn.,Thu Dec 03 16:53:04 +0000 2009,71,645,2235,38
90854551,nacibostanci,Naci Bostancı,Ankara Türkiye,,Wed Nov 18 11:59:08 +0000 2009,865,27272,8923,7
86621872,erkankandemir,Erkan Kandemir,"İstanbul, Türkiye",AK Parti İstanbul Milletvekili,Sat Oct 31 23:27:09 +0000 2009,822,18469,2333,4
83762614,drvuralkavuncu,Vural Kavuncu,,24.Dönem AK Parti Kütahya Milletvekili,Tue Oct 20 03:50:41 +0000 2009,216,5022,3034,46
83090867,alp_kavaklioglu,Alpaslan Kavaklıoğlu,Niğde Ankara,Akparti Niğde Milletvekili                            Güvenlik ve İstihbarat Kom.Bşk.                         Akparti Yerel Yönetimler Bşk. Yrd.,Sat Oct 17 08:44:03 +0000 2009,93,6760,2666,393
82574059,ertanaydin,Ertan Aydın,,"Doç. Dr. Siyaset Bilimci, Ankara Milletvekili",Thu Oct 15 08:55:56 +0000 2009,490,70045,3528,36
81161411,GaroPaylan,garo paylan,,HDP MYK Üyesi - İstanbul Milletvekili,Fri Oct 09 17:41:20 +0000 2009,194,43187,866,18
80531038,selinsayekboke,Selin Sayek-Böke,Türkiye,CHP Ekonomi Politikalarından Sorumlu Genel Başkan Yardımcısı / CHP İzmir Milletvekili,Wed Oct 07 08:52:41 +0000 2009,608,42379,1235,450
76725707,fatmakaplan,Fatma KaplanHürriyet,Türkiye,CHP Kocaeli Milletvekili,Wed Sep 23 19:06:35 +0000 2009,861,922,2827,76
76691248,barisyarkadas,Barış Yarkadaş,Türkiye - İstanbul..,Gerçek Gündem'in Sahibi ve Genel Yayın Yönetmeni... CHP İstanbul Milletvekili,Wed Sep 23 16:50:05 +0000 2009,3602,212709,39215,20
73785262,huseyinburge,Hüseyin Bürge,,AK Parti İstanbul Milletvekili,Sun Sep 13 01:50:12 +0000 2009,903,42043,18766,39
40523038,markaresayan,Markar Esayan,,,Sat May 16 19:13:01 +0000 2009,961,94142,14383,1691
34350322,NumanKurtulmus,Numan KURTULMUŞ,,Türkiye Cumhuriyeti Başbakan Yardımcısı |  Deputy Prime Minister of the Republic of Turkey,Wed Apr 22 18:20:35 +0000 2009,56,1047363,3622,340
30873151,MevlutDudu,Mevlüt Dudu,,"CHP Emekçisi, Hatay Milletvekili, TBMM KİT Komisyonu Üyesi",Mon Apr 13 14:23:16 +0000 2009,483,11315,3218,79
18971997,suleymansoylu,Süleyman Soylu,Turkey,AK Parti Genel Başkan Yardımcısı - Teşkilat Başkanı - Trabzon Milletvekili http://t.co/dhRHppb9kn | Instagram: suleyman_soylu | Facebook: suleyman.soylu.79,Wed Jan 14 09:56:18 +0000 2009,591,364222,4589,33
18185406,ahmetakin,Ahmet AKIN,,CHP Balıkesir Milletvekili,Wed Dec 17 08:21:12 +0000 2008,240,10630,2292,24
17137978,utkucakirozer,Utku Çakırözer,Eskişehir,"Gazeteci, CHP Eskişehir Milletvekili",Mon Nov 03 19:42:57 +0000 2008,1238,52198,1674,80
